00000,\\bId\\b
24128,landing
21562,false
18117,stamp
17872,time
17752,version
17169,test
17148,central
17147,euro
17145,date
17135,rope
17114,standard
17113,pean
17106,testa
15506,global
13953,path
13916,consent
12351,group
11028,host
10971,page
10261,not
8495,int
7821,dec
7159,act
7012,count
6942,inter
6912,action
6905,interact
6467,rec
5950,wait
5947,awaiting
5947,recons
5180,true
5028,location
3171,com
2388,mon
2304,session
1604,exp
1414,leg
1337,stack
1311,stat
1159,tic
1156,mark
1149,ref
1082,region
1076,sim
1056,refer
1047,cut
1042,tics
1022,market
1004,cess
1003,marketing
998,pref
998,reference
996,prefer
996,statistic
995,preferences
995,references
990,necessary
990,statistics
879,sit
866,one
833,new
756,non
715,biz
689,none
655,last
648,mid
632,sin
607,visit
596,wed
500,tor
498,ire
486,baa
485,out
477,home
458,art
451,abb
447,pro
419,dir
418,aba
412,sis
407,per
406,ids
399,aga
390,dire
389,rect
388,direct
379,opt
376,alt
373,fab
371,cad
365,cop
362,sat
361,fen
355,ions
353,vie
352,psi
336,owl
336,wig
326,lin
323,sig
321,tout
315,dab
314,psis
313,timer
311,rod
310,tum
303,jowl
302,gen
301,wiz
295,cha
295,uni
295,rat
292,aid
292,eve
290,tun
289,view
288,inv
285,car
283,res
280,null
279,eat
277,log
273,key
270,ode
270,ind
268,prod
267,tar
257,acc
253,def
248,tot
248,min
247,men
247,bed
247,aah
245,fir
239,ora
239,ore
237,ser
236,mag
235,for
234,star
234,ham
234,our
227,ail
222,rid
221,the
219,site
219,sop
218,emo
216,iii
216,all
214,start
214,tart
214,par
213,rep
211,are
205,net
205,val
202,total
202,ebb
200,ran
199,der
198,ted
198,ord
197,syn
197,fac
196,fin
195,org
192,add
191,ear
191,bee
190,cont
189,ice
189,bad
187,ace
186,ext
186,stor
183,end
180,adv
179,ill
179,med
178,eau
177,map
176,pop
175,xii
175,abr
175,mem
174,oke
173,ort
172,firs
171,mod
170,first
169,ken
169,arc
169,req
168,ain
167,cab
166,den
164,homepage
162,riv
161,rev
161,mes
161,sync
160,str
159,fec
157,app
156,coo
155,dad
153,fad
152,sea
151,nod
151,ann
150,get
150,lis
150,dis
147,use
147,man
146,chi
146,own
146,cal
145,vent
144,sou
144,ass
143,her
142,ell
141,ins
141,even
141,syncs
139,keys
138,hop
138,tel
137,pen
137,ten
137,memo
137,err
136,abl
135,ant
135,cur
135,mage
134,ert
134,typ
134,gent
134,lea
134,memory
133,eff
133,ale
133,obi
132,toke
132,win
131,rag
131,timing
130,token
130,agent
130,red
129,cor
129,name
128,tag
127,tore
127,rit
126,oms
126,chm
126,deb
126,store
124,event
123,ram
123,arr
123,oil
123,surf
122,inn
122,surfer
121,hot
121,data
120,son
120,kin
120,web
119,oses
119,pup
119,mob
119,nav
119,lasts
118,timers
118,repeat
118,peat
117,cook
117,product
117,duct
116,sec
116,fed
116,ana
115,conte
115,opera
115,jor
115,aha
114,operator
114,markers
114,met
113,ton
113,gad
112,ski
112,ger
112,ign
112,ink
111,erk
111,shop
110,vel
110,mil
109,cookie
109,hat
109,col
109,daw
108,inf
108,mat
107,tom
107,set
106,awn
106,dew
105,lat
105,sch
105,ben
104,del
103,login
103,war
103,lac
103,rig
103,fee
103,pvt
102,owe
102,ewe
102,type
102,jay
102,imp
101,hin
101,tit
100,index
99,sour
99,text
97,popup
97,source
96,views
95,activity
94,arch
94,cart
92,popups
92,pups
90,visitor
88,port
88,context
87,comm
84,sear
83,comp
82,search
81,chat
79,flog
78,vice
78,node
77,over
77,ster
77,form
75,line
72,auto
70,news
68,conf
68,arrival
68,rival
68,onsite
67,info
67,vita
66,user
66,swiz
66,solution
65,main
65,kill
65,ices
64,ages
63,omer
63,numb
63,umber
63,care
62,number
62,solutions
61,abbe
60,invitation
60,channel
60,link
59,service
58,skill
58,custom
57,join
56,work
56,ration
55,rand
55,able
55,tome
55,create
54,online
54,lang
54,ring
53,list
53,ship
53,tour
52,para
52,products
52,ducts
52,rate
52,created
51,only
51,mail
51,live
50,show
49,find
49,lect
49,customer
49,roll
48,rams
48,code
47,ness
47,sing
47,stag
47,value
46,tent
46,lien
45,itch
45,world
44,client
44,rage
44,peri
44,commerce
43,bran
43,conn
43,dent
43,glia
43,bout
43,fend
43,tech
43,rent
42,done
42,game
42,part
42,about
42,check
42,heck
41,brand
41,inst
41,previous
41,blog
41,corp
40,west
40,media
40,base
39,heal
39,camp
39,tern
38,rance
38,domain
38,card
38,ling
38,connect
37,active
37,play
37,kitchen
37,mess
37,hist
37,webs
37,defender
37,fender
37,logged
37,open
37,scroll
36,shown
36,confer
36,prof
36,tact
36,defined
36,fined
35,cade
35,conference
35,health
35,vices
35,pare
35,undefined
35,sign
34,term
34,coll
34,sand
34,cookies
34,ital
33,integration
33,nick
33,message
33,sage
33,business
33,sines
33,pool
33,website
33,cham
33,pion
33,ares
33,chis
32,viewed
32,invite
32,goal
32,ever
32,ford
32,music
32,account
32,book
32,services
32,supp
32,cine
31,item
31,goals
31,achieve
31,ware
31,campaign
31,whir
31,life
31,research
31,contact
31,plan
31,point
31,prop
31,disc
30,invites
30,achieved
30,whirlpool
30,times
30,games
30,black
30,lack
30,prim
30,resource
29,cross
29,nation
29,lash
29,bank
29,champions
29,pions
29,firm
29,security
29,compar
29,priv
29,pages
29,network
29,pres
28,turn
28,sport
28,cove
28,king
28,wind
28,enter
28,pass
28,else
28,lari
28,ouch
28,init
28,referrer
27,best
27,messages
27,sages
27,elan
27,side
27,championship
27,submit
27,compare
27,company
27,recent
27,gree
27,your
27,current
27,level
26,content
26,pert
26,cover
26,partner
26,trig
26,pret
26,hotel
26,organ
26,choice
26,purchase
26,chase
26,recently
26,lock
26,dosing
26,cloud
26,loud
25,verse
25,nova
25,elect
25,cars
25,order
25,pula
25,lass
25,aging
25,hing
25,rave
25,know
24,email
24,profession
24,fess
24,winds
24,trigger
24,rigger
24,mump
24,welt
24,organic
24,confirm
24,rust
24,tain
24,plat
24,jobs
24,cate
24,popularity
24,gene
24,soft
24,rial
24,biog
24,cinema
24,call
24,updated
24,dated
23,eyas
23,abba
23,load
23,late
23,spring
23,pretty
23,sort
23,core
23,vier
23,real
23,metic
23,cola
23,guns
23,gory
23,support
23,staging
23,dict
23,disco
22,unit
22,national
22,ewer
22,safe
22,orts
22,medium
22,lection
22,manage
22,sens
22,center
22,quick
22,choices
22,trust
22,dawn
22,metics
22,park
22,category
22,amen
22,gist
22,prog
22,quip
22,ersh
22,checkout
22,anti
22,pent
22,lands
22,bled
22,fact
21,dive
21,fret
21,hail
21,skin
21,tool
21,professional
21,temp
21,timestamp
21,right
21,inform
21,format
21,cosmetics
21,accent
21,mend
21,harm
21,couch
21,biogen
21,title
21,digit
21,earn
21,known
21,ques
21,rime
21,career
21,lead
20,cure
20,return
20,from
20,ping
20,coverage
20,overage
20,gram
20,tori
20,erst
20,visits
20,sits
20,formation
20,collect
20,persist
20,wish
20,front
20,rive
20,ament
20,tings
20,wide
20,recommend
20,commend
20,cafe
20,free
20,ache
20,field
20,software
20,char
20,careers
19,divers
19,tali
19,rain
19,school
19,personal
19,bill
19,legal
19,information
19,ease
19,tors
19,collection
19,items
19,brow
19,vest
19,thin
19,ward
19,hand
19,ology
19,logy
19,arts
19,power
19,lick
19,spec
19,expire
19,sale
19,cord
19,prom
19,guide
19,erne
18,viewer
18,stem
18,town
18,dist
18,place
18,lace
18,tasty
18,brit
18,review
18,storage
18,fogs
18,ended
18,master
18,aster
18,body
18,team
18,openings
18,local
18,sigh
18,wood
18,fire
18,fest
18,style
18,travel
18,ravel
18,digital
18,learn
18,perform
18,initial
18,unknown
18,olla
18,quest
18,pons
18,next
17,vert
17,esse
17,seat
17,less
17,admin
17,fora
17,hunk
17,system
17,lame
17,eras
17,flash
17,score
17,vision
17,door
17,golf
17,lever
17,lore
17,privacy
17,hell
17,pack
17,coff
17,genera
17,spent
17,foot
17,once
17,apply
17,intern
17,gift
17,prov
16,chin
16,such
16,rack
16,tail
16,mode
16,tools
16,ports
16,moll
16,berg
16,unity
16,resort
16,expo
16,head
16,word
16,hers
16,ester
16,ships
16,hips
16,official
16,trans
16,taut
16,herl
16,tournament
16,buck
16,invest
16,wards
16,house
16,sight
16,away
16,speed
16,peed
16,mini
16,strati
16,rest
16,cartoon
16,reside
16,inion
16,sect
16,tone
16,seed
16,learning
16,earning
16,resources
16,sources
16,device
16,loyalty
16,resp
16,orig
16,univ
16,language
16,promo
15,diverse
15,sell
15,tame
15,logs
15,director
15,rector
15,stems
15,hosted
15,tell
15,tels
15,ours
15,state
15,forms
15,ells
15,found
15,billing
15,coca
15,vast
15,lime
15,platform
15,embed
15,reward
15,springer
15,ringer
15,program
15,sati
15,creme
15,lamer
15,hover
15,rank
15,build
15,footer
15,resident
15,ones
15,primary
15,entrance
15,trance
15,layer
15,request
15,desk
15,trad
15,auth
15,rated
15,nolo
15,rove
15,full
15,origin
15,plus
15,mart
14,mica
14,secure
14,cats
14,rump
14,blue
14,lota
14,events
14,vents
14,back
14,stage
14,directory
14,rectory
14,systems
14,gran
14,management
14,more
14,sura
14,advisor
14,visor
14,aces
14,championships
14,great
14,terms
14,result
14,instant
14,avast
14,experience
14,alas
14,widget
14,rewards
14,insight
14,rich
14,frank
14,medic
14,sank
14,administration
14,ministration
14,dews
14,aria
14,tree
14,country
14,food
14,dins
14,ether
14,tournaments
14,aments
14,players
14,layers
14,register
14,risk
14,select
14,referral
14,jail
14,laud
14,lite
14,down
14,berry
14,publ
14,viva
14,surv
14,hunter
13,track
13,trump
13,develop
13,cations
13,lung
13,hotels
13,document
13,dust
13,help
13,fief
13,mall
13,rook
13,noil
13,chem
13,stow
13,steel
13,ales
13,lest
13,ordered
13,compared
13,pared
13,agreement
13,amain
13,ratings
13,recommended
13,commended
13,mended
13,north
13,insights
13,sights
13,trial
13,lint
13,well
13,mama
13,city
13,click
13,deed
13,lone
13,gest
13,kail
13,file
13,impi
13,raft
13,tums
13,nether
13,appliance
13,other
13,tical
13,enable
13,anal
13,step
13,serve
13,cant
13,light
13,wham
13,techno
13,fake
13,burg
12,default
12,fault
12,past
12,seen
12,hard
12,elate
12,cert
12,guar
12,ties
12,contr
12,tune
12,club
12,otic
12,ceca
12,domino
12,collections
12,address
12,dress
12,mead
12,simp
12,trip
12,furn
12,trim
12,fins
12,boom
12,franklin
12,bade
12,rote
12,flan
12,this
12,apps
12,gall
12,press
12,spit
12,grow
12,pine
12,enabled
12,anon
12,deal
12,portal
12,lauder
12,wear
12,fast
12,icon
12,engine
12,ilea
12,section
12,send
12,come
12,ally
12,flex
12,shipping
12,hipping
12,survival
12,image
11,vail
11,lark
11,math
11,expert
11,community
11,eland
11,stories
11,hill
11,flag
11,rite
11,corpora
11,ores
11,names
11,option
11,lean
11,flea
11,ants
11,rede
11,came
11,thew
11,sonly
11,sense
11,read
11,stent
11,jerry
11,shin
11,pose
11,palp
11,audit
11,vide
11,lifestyle
11,odes
11,president
11,scup
11,pact
11,astr
11,deli
11,sports
11,clear
11,proper
11,roper
11,desktop
11,ogle
11,fish
11,band
11,vibe
11,dual
11,healthcare
11,imit
11,remit
11,emit
11,gins
11,investor
11,trade
11,partners
11,smart
11,warn
11,points
11,prove
11,watch
