8792,_ga
8655,_gid
5330,test_cookie
4921,IDE
4028,_gat
3483,PHPSESSID
3465,i
3375,uid
3158,__cfduid
2728,fr
2642,metrika_enabled
2585,_fbp
2407,GoogleAdServingTest
2367,__gads
1984,uuid
1894,YSC
1894,VISITOR_INFO1_LIVE
1881,yandexuid
1849,ymex
1849,yabs-sid
1849,_ym_uid
1847,_ym_d
1832,_ym_isad
1822,NID
1685,tuuid
1670,GPS
1658,mc
1656,CMID
1649,CMPS
1633,CMST
1631,CMPRO
1584,pxrc
1519,tuuid_lu
1501,d
1453,KTPCACOOKIE
1446,KADUSERCOOKIE
1430,c
1416,uuid2
1361,DSID
1336,__cf_bm
1327,VID
1308,lang
1293,u
1271,FTID
1251,__utma
1250,__utmz
1250,__utmc
1250,__utmb
1249,APID
1210,rlas3
1193,CMRUM3
1162,_ym_metrika_enabled
1141,audit
1109,B
1074,__utmt
1054,A3
1049,khaos
1048,ouid
1029,na_id
986,ab
950,UID
888,cookietest
853,TDID
839,TDCPM
821,AWSALBCORS
821,AWSALB
803,__ym_zz_zz
803,__ym_zz_test
801,_gcl_au
778,id
769,na_tc
765,pd
761,_rxuuid
738,btc
738,bsc
738,b30msc
731,1P_JAR
717,na_srp
717,na_sr
717,na_sc_e
717,na_rn
688,IDSYNC
669,JSESSIONID
662,ov
662,mdata
651,GUC
614,APIDTS
609,bku
609,bkdc
605,bkpa
604,TapAd_TS
604,TapAd_DID
581,_ym_visorc
578,AWSESS
570,U
560,awpv11690
548,awpv11482
541,suid
539,lissc
539,lidc
539,everest_g_v2
539,bcookie
531,loc
530,ssi
527,_hjid
527,_hjFirstSeen
525,_cc_id
522,_cc_cc
513,_hjAbsoluteSessionInProgress
513,_cc_aud
512,audience
511,demdex
511,_ssuma
509,C
509,ASP.NET_SessionId
507,_cc_dc
499,TapAd_3WAY_SYNCS
493,_kuid_
487,__atuvc
485,cs
485,PUBMDCID
484,remixlang
482,__atuvs
466,PugT
465,pid
464,UIDR
456,xtc
456,uvc
452,wfivefivec
452,suid_legacy
450,cto_bundle
442,pi
440,tmr_tcdhn
440,tmr_reqNum
440,tmr_lvidTS
440,tmr_lvid
438,_hjIncludedInPageviewSample
436,MUID
430,anj
430,_shopify_y
430,_shopify_s
430,_pay_session
424,dpm
424,_dlt
418,TestIfCookieP
411,_s
402,tmr_detect
390,t_gid
386,bscookie
384,ud
383,zc
383,ts
383,EE
379,csync
376,_y
374,um
372,secure_customer_sig
372,_shopify_fs
371,_landing_page
370,_orig_referrer
369,ruds
369,rud
365,browser_data
365,_shopify_d
364,eud
364,_shopify_sa_t
364,_shopify_sa_p
363,UserMatchHistory
359,b
356,cookie
356,ad-id
355,did
355,checkForPermission
352,bitoIsSecure
352,bito
352,XSRF-TOKEN
351,nnls
351,didts
348,tluid
331,DotomiTest
326,INGRESSCOOKIE
318,V
317,sessionId
315,MR
314,ad-privacy
313,cu
312,personalization_id
309,ss
306,ATN
304,st_samesite
303,8lcfmzhxc8d6_uid
302,_uetvid
302,_uetsid
300,chkSecSet
300,SyncRTB2
298,si
296,p2
294,fifid
289,KRTBCOOKIE_377
288,peg_session
287,NVI_LC2
287,NVI_FC
287,KCCH
286,ppv1869
286,SPugT
282,PMFREQ_ON
281,mcookie
281,done_redirects147
281,cjcookie
281,ads_si
281,ads_pu
281,ads_ps
281,DPSync2
280,KRTBCOOKIE_22
279,guid
279,done_redirects104
278,KRTBCOOKIE_80
277,pb_rtb_ev
275,pux
274,KRTBCOOKIE_27
274,HTLP_timestamp
274,CEAffHA
273,KRTBCOOKIE_218
271,country
270,__sharethis_cookie_test__
269,vc
269,di2
269,AFFICHE_W
263,viuserid
262,cart_currency
261,vst
261,visitor
261,KRTBCOOKIE_57
257,tads_uid
256,SERVERID
255,uid-legacy
255,CONSENT
255,ANON_ID_old
253,ANON_ID
250,KRTBCOOKIE_32
249,KRTBCOOKIE_188
248,connect.sid
245,ruid
244,city
244,KRTBCOOKIE_466
244,KRTBCOOKIE_391
243,KRTBCOOKIE_153
241,done_redirects109
239,auid
237,__uvt
236,caf_ipaddr
236,AC
234,id5
234,DMADT
232,userId
231,vid
230,lidid
230,__stidv
230,__stid
229,li_sugr
227,mxpim
227,cart_sig
225,cto_writeable
225,cto_pub_test_tld
224,pvisitor
223,remixstid
222,sa-user-id
222,cid
222,__qca
222,KRTBCOOKIE_279
220,sa-user-id-v2
220,matchpubmatic
219,repi
219,__upin
219,KRTBCOOKIE_594
218,shopify_pay_redirect
218,KRTBCOOKIE_148
218,KRTBCOOKIE_1074
217,vuid
217,KRTBCOOKIE_107
216,traffic_target
216,system
215,cto_tld_test
214,cookies.js
212,__upints
210,pids
210,_li_ss
209,__kuid
209,KRTBCOOKIE_699
208,currency
208,__kla_id
207,pwvisitor
207,_pin_unauth
205,mako_uid
205,KRTBCOOKIE_330
204,aum
202,_gali
202,ADGRX_UID
201,cd
198,yabs-dsp
197,uid-bp-159
197,euds
196,mus
194,obuid
191,pmc
190,language
188,_pbjs_userid_consent_data
188,_auid
188,OAID
187,tads_zora
187,tads_uid_cd
187,status
186,KRTBCOOKIE_286
185,ut
185,OptanonConsent
184,has_js
183,tads_uidp_73
183,semantiqo_a
183,KRTBCOOKIE_52
182,_ym_metrika_enabled_26812653
181,cookielawinfo-checkbox-necessary
180,is_gdpr_b
180,is_gdpr
180,33x_ps
179,_ym_visorc_26812653
176,anProfile
175,tidal_ttid
174,er_guid
174,dc
172,gi_u
172,ADGRX_CM_PUBMATIC_BRIDGED
171,__smVID
171,KRTBCOOKIE_1003
170,m
169,sync-his
169,ssh
169,_hjIncludedInSessionSample
168,ckbk
168,TawkConnectionTime
167,proto_uid
167,ak_bmsc
165,__uis
165,SOC
164,KRTBCOOKIE_469
163,visitor-id
163,mt_mop
162,__tld__
161,dyn_u
159,user_id
159,bt2
159,KRTBCOOKIE_1241
157,KRTBCOOKIE_653
156,hubspotutk
156,cookielawinfo-checkbox-non-necessary
156,__hstc
156,__hssrc
156,__hssc
155,univ_id
155,sid
155,BeeAID
153,sessionid
153,pubsyncexp
153,KRTBCOOKIE_1199
152,zuid
152,vsid
152,test
150,pll_language
150,BX_USER_ID
148,gdpr_popup
148,bx_user_id
148,__tawkuuid
146,tawkUUID
146,KRTBCOOKIE_904
143,cto_write_test
142,last_visit
140,muidn
140,google_push
137,laravel_session
136,gdpr
135,sc_is_visitor_unique
135,oo
135,cnac
135,cip
135,cf
135,car
135,callback
135,afpix
135,OptanonAlertBoxClosed
134,is_unique
134,UserID1
132,stx_user_id
132,csrftoken
132,am-uid
132,_tmid
132,CookieConsent
130,matchgoogle
129,HAPLB8S
128,top100_id
128,3pi
127,tk_tc
127,pcs3
126,extendtv_user_id
125,x-cdn
125,ADKUID
124,tk_r3d
124,tk_or
124,tk_lr
124,pt
123,_schn
122,apn_id
122,_uid
121,pcssspb
120,SCM
119,svResp-legacy
119,svResp
119,impressions
118,yieldmo_id
116,uid-bp-617
114,sharedid
114,GLOBALID
113,ts_c
113,session_tptc-legacy
113,session_tptc
113,gguuid
113,caltat
112,uid-bp-529
112,bm_sz
112,_abck
111,sync
111,__zlcmid
111,HMACCOUNT
110,utm_source
109,uid-bp-36033
109,ru-seq-legacy
109,ru-seq
109,fpestid
109,MRM_UID
108,zuuid_lu
108,zuuid
108,uuid3
108,taboola_session_id
108,ct
108,bci
108,_statid
107,yaya
107,user_id-legacy
107,d_id
107,__cfruid
106,uid-bp-892
106,mos_id
106,landref
106,AWSELB
105,uid-bp-45
105,quads_browser_width
105,cto_test_cookie
105,SEUNCY
104,uid-bp-171
103,euid
103,dspid
103,criteo_write_test
102,uid-bp-717
102,mts_id_last_sync
102,mts_id
101,CountUid
100,suuid3
100,intentIQ
100,_shopify_country
100,_dm_uid
100,IQver
99,ci_session
98,us-region-source
98,data-g
97,pardot
96,smd
96,aid
96,__stripe_sid
96,__stripe_mid
95,unique
95,_ir
95,_a_d3t6sf
94,partners
94,fid
93,BITRIX_SM_LAST_VISIT
93,BITRIX_SM_GUEST_ID
92,spid
92,sonar
92,guid2
92,_yngt
91,_omappvs
91,_omappvp
91,__adroll_shared
91,__adroll
91,TestIfCookie
90,ljt_reader
90,__ar_v4
90,__adroll_fpc
90,UT
90,AWSELBCORS
89,lsts
89,hllc
89,fsts
89,_te_
88,vs
88,utm_campaign
88,pbw
88,intentIQCDate
87,usprivacy
87,pdomid
87,b_uid
87,_pinterest_ct_ua
87,__auc
87,__asc
87,IQPData
87,CSDT
87,ASDT
86,bsw_uid
86,
85,session
85,jcsuuid
85,cookiesession1
85,_lr_retry_request
84,ezosuigeneris
83,l
83,abid
83,UTID_ENC
83,UTID
82,awpv14114
81,KL_FORMS_MODAL
80,cookieJartestCookie
80,cSyncDp14v3
80,SCMg
79,umeh
79,sspuid
79,rerf
79,mv_tokens_invalidate-verizon-pushes
79,mv_tokens
79,ajs%3Atest
79,ajs%3Acookies
79,__cflb
79,DW_Time
79,DW
78,evoauth
78,dbl
78,__ddg1
78,AKA_A2
76,yabbi-user
76,uid-bp-25746
76,avnguid
76,BITRIX_SM_SALE_UID
75,trc_cookie_storage
75,sape_sync
75,rlpsprcs
75,matchaddthis
75,cSyncDp95v2
75,cSyncDp88
75,cSyncDp85
75,cSyncDp84
75,cSyncDp7v2
75,cSyncDp77
75,cSyncDp68
75,cSyncDp67v2
75,cSyncDp62
75,cSyncDp54v2
75,cSyncDp45v2
75,cSyncDp32
75,cSyncDp17
75,cSyncDp144
75,cSyncDp138
75,cSyncDp136
75,cSyncDp127
75,cSyncDp126
75,cSyncDp125
75,cSyncDp112v2
75,cSyncDp111v2
75,cSyncDp107
75,cSyncDp104
75,cSyncDp101
75,RNLBSERVERID
74,tvid
74,__smToken
74,KRTBCOOKIE_336
74,GED_PLAYLIST_ACTIVITY
73,utl_id2
73,utl_dat
73,splash_i
73,skimGUID
73,sc_at
73,ajs_anonymous_id
73,_scid
73,_csrf
73,X-AB
73,BITRIX_CONVERSION_CONTEXT_s1
72,TID
72,KRTBCOOKIE_1101
71,viewer_token
71,tag-banner
71,anHistory
71,__livechat
70,market
69,st
69,__io_cid
68,is_visitor_unique
68,bfp_sn
68,bafp_t
68,adrl
68,KRTBCOOKIE_10
67,uid-bp-951
67,sasd2
67,sasd
67,exo-splash-i
66,skimCSP
66,ck
65,uid_id2
65,ppv1843
65,lkqdidts
65,lkqdid
65,__RequestVerificationToken
65,LANG
64,nsid
64,ibkukiuno
64,ibkukinet
64,from
64,awpv13872
64,_knxq_
64,__dtsu
64,CMDD
64,ADK_EX_11
63,tsrce
63,lfrom
63,idcheck
63,form_key
63,cto_bidid
63,cpSess
63,cna
63,_pubcid
63,KRTBCOOKIE_409
63,IQDatonicsCS
62,s_cc
62,oaidts
62,l7_az
62,ID
61,x-pp-s
61,sr59
61,matchcasale
61,gid
61,df
61,cookie_notice_accepted
61,CDIUSER
60,ezCMPCCS
60,admtr
60,_mcid
60,_hjTLDTest
60,__lc_cst
60,__lc_cid
59,x-smrt-d
59,pathway
59,fb_sessiontraffic
59,enforce_policy
59,__oauth_redirect_detector
59,__lc2_cst
59,__lc2_cid
59,CASID
58,tvssa
58,tld
58,ipp_uid2
58,ipp_uid1
58,ipp_uid
57,pbjs-unifiedid
57,oxc
57,OTZ
57,ARRAffinity
56,tt_viewer
56,index_page
56,choco_cookie
56,bfp_sn_pl
56,bafp
55,fco2r3
55,cart
55,bfp_sn_t_b10ce94cf299b167b74a6944e0aec9d4
55,_tracker
55,G_ENABLED_IDPS
53,hsk_1374
53,flashtalkingad1
53,XB
52,xpdpp3
52,tp
52,mediavine_session
52,matchtriplelift
52,__uir_td
52,__uir_bw
52,__io_lv
52,__io
52,EQUser
51,pixel
51,_jsuid
51,__uir_mm
51,HAPLB5S
50,yektanet_session_last_activity
50,rsid
50,cluid
50,analytics_token
50,analytics_session_token
50,analytics_campaign
50,_yngt_iframe
50,_first_pageview
50,__uir_rx
50,__uin_td
50,__uin_bw
50,SERVERID77446
49,wordpress_test_cookie
49,mpid
49,locale
49,gearbox_ad_token
49,gdpr_status
49,eapn_id
49,analytics_global_token
49,__uin_mm
48,u_pl
48,ct_timezone
48,ct_ps_timestamp
48,ct_pointer_data
48,ct_fkp_timestamp
48,cc
48,_shg_user_id
48,_shg_session_id
48,Subject-Id
47,mailmunch_second_pageview
47,icu
47,edgebucket
47,csrf_token
47,_mailmunch_visitor_id
47,__utmt_f
47,__utmt_e
47,__uir_pp
47,PID_
47,MarketGidStorage
47,ARRAffinitySameSite
46,mage-cache-storage-section-invalidation
46,mage-cache-storage
46,mage-cache-sessid
46,k-adv-ida
46,dspusync_1788
46,ct_checkjs
46,cart_ver
46,cart_ts
46,__uir_zt
46,__uir_eb
46,TR
45,uncs
45,sbr
45,product_data_storage
45,pdhtkv
45,fromaffiliate
45,ezepvv
45,csrf_token_company_site
45,affkey
45,_sctr
45,_mkto_trk
45,__uin_rx
45,__uin_pp
45,UID_EXT_39
45,Gtest
45,CLID
44,trx
44,noads
44,mage-messages
44,ig_nrcb
44,id5id.1st_457_nb
44,force_lng
44,ezouspvv
44,ezouspva
44,ezohw
44,ezds
44,_ts_yjad
44,_session_id
44,__verify
44,UID_EXT_50
44,UID_EXT_48
44,UID_EXT_47
44,UID_EXT_46
44,Gdyn
43,rmuid
43,recently_viewed_product_previous
43,recently_viewed_product
43,recently_compared_product_previous
43,recently_compared_product
43,id5_storage
43,frontend
43,bfp_sn_rt_b10ce94cf299b167b74a6944e0aec9d4
43,bfp_sn_rf_b10ce94cf299b167b74a6944e0aec9d4
43,ads
43,_ym_hostIndex
43,_vwo_uuid_v2
43,_tt_travelaudience
43,_pubCommonId
43,_clck
43,FCCDCF
42,goals
42,cf_use_ob
42,c_id
42,apnxs
42,apbct_visible_fields
42,_rlid
42,__io_first_source
42,UID_EXT_37
41,user_tracker
41,skimORIGIN
41,mt_misc
41,ljtrtb
41,cf_ob_info
41,c_id-legacy
41,auth
41,adtool_guid
41,_subid
41,_gat_main
41,__io_visit_pageviews_flag
41,__io_nav_state41949
41,__io_moon_utm_prom1
40,vmuid
40,visitor_id
40,pxcelBcnLcy
40,nauid
40,cookies.js_dtest
40,akavpau_ppsd
40,_parsely_visitor
40,_parsely_session
40,_icl_current_language
40,__gfp_64b
40,__ctmid
39,x-ms-routing-name
39,udo
39,techcookie
39,smxtrack
39,nid
39,dsp_OPENX
39,crumb
39,browser_id
39,__LXGUID
39,TiPMix
39,GL_UI4
39,GL_GI10
39,.ASPXANONYMOUS
38,xman_us_f
38,xman_t
38,xman_f
38,s_sq
38,s
38,newu
38,mid
38,io
38,default
38,acs_usuc_t
38,a
38,___utmvc
38,SRV
38,SDDAN
37,traffic_se_co
37,session_id
37,sca
37,ezouspvh
37,data-o
37,brwsr
37,alp_userid
37,ali_apache_id
37,af_ss_a
37,aeu_cid
37,__uin_zt
37,__uin_eb
37,AWSALBTGCORS
37,AWSALBTG
36,tracker_device
36,to_version_s
36,to_master_s
36,pvc_visits[0]
36,optimizelyEndUserId
36,id5id.1st_367_nb
36,gup_clientid
36,bm_sv
36,atpsida
36,S
36,ADK_EX_193
35,zenid
35,to
35,tk_ai
35,sp
35,sc_anonymous_id
35,flat_r_mb
35,dc_id
35,current_click
35,apbct_timestamp
35,apbct_cookies_test
35,_td_global
35,__vt
35,__uir_tp
35,__uir_iq
35,__uir_i5
35,__uin_tp
35,__uin_iq
35,__uin_i5
35,__EC_TEST__
35,__106_cid
35,WhiteCallback_visitorId
35,TADCID
35,DID
34,vis2
34,viewed_cookie_policy
34,tv_UIDF
34,ss_cvt
34,ss_cvr
34,ss_cvisit
34,ss_cpvisit
34,ss_cid
34,ses2
34,roistat_visit_cookie_expire
34,roistat_visit
34,roistat_marker_old
34,roistat_is_need_listen_requests
34,roistat_first_visit
34,permanent
34,off
34,everest_session_v2
34,dt
34,csv
34,ccpa
34,_ssw_cart_data
34,_lr_geo_location
34,_gat_gaua_company_tracker_code
34,__uid
34,___dc
34,___cc
34,USER_ID
34,KRTBCOOKIE_1235
33,x-csrf-jwt
33,vis15
33,um2
33,tapq
33,surferid
33,soundestID
33,ses15
33,roistat_ab
33,pl_user_id
33,omnisendSessionID
33,omnisendAnonymousID
33,last_url
33,ipc
33,googtrans
33,apbct_site_landing_ts
33,apbct_page_hits
33,adtheorent[cuid]
32,tag
32,lrc
32,biatv-cookie
32,atuid
32,apndmp
32,apbct_prev_referer
32,adtheorent-legacy[cuid]
32,_tccl_visitor
32,_tccl_visit
32,_chartbeat2
32,_cb_svref
32,_cb_ls
32,_cb
32,COu
32,AMP_TOKEN
31,token_QpUJAAAAAAAAGu98Hdz1l_lcSZ2rY60Ajjk9U1c
31,ref
31,pbjs-id5id
31,outbrain_cid_fetch
31,mg_sync
31,imid_secure
31,imid_created_secure
31,imid_created
31,imid
31,ig_did
31,adpq
31,_ym_debug
31,_nauid
31,E
31,CT
30,zsc
30,wnid
30,wcs_bt
30,soundest-views
30,referer
30,rc
30,pxcelPage_c010_C
30,landing
30,dmxId
30,ayl_visitor
30,ai_user
30,_awl
30,__uqc
30,__io_visit_expire.13.day
30,__io_v_pv_13.11.direct
30,_D9J
29,vglnk.Agent.p
29,uu
29,u2
29,tildauid
29,tildasid
29,qtrans_front_language
29,previousUrl
29,gadsTest
29,ct_sfw_pass_key
29,_sm_uid
29,_sm_udt
29,_sm_sid
29,_parsely_slot_click
29,_adstanding_id
29,__141_cid
29,ADGRX_CM_CASALE_BRIDGED
28,visit
28,user
28,tu
28,token
28,mregen3
28,matchbluekai
28,juicy_data_1
28,juicy_data
28,jpxumaster
28,calltrk_referrer
28,calltrk_landing
28,bingc-activity-data
28,arcki2
28,_privy_undefined
28,__bfio_sync
28,UIXX_UPDT
27,uids
27,surfer_uuid
27,ptrpp
27,player
27,page_load_uuid
27,mailchimp_landing_site
27,ls_smartpush
27,la_page_depth
27,calltrk_nearest_tld
27,bp_ut_session
27,_td
27,GCLB
26,wui
26,wpml_browser_redirect_test
26,woocommerce_recently_viewed
26,woocommerce_cart_hash
26,utag_main
26,ts_uid
26,ssupp.visits
26,ssupp.vid
26,pluso
26,p_orc_pr-legacy
26,p_orc_pr
26,p_locc_user_id_expiry-legacy
26,p_locc_user_id_expiry
26,ljtrtbexp
26,gtm_usr
26,dwf_s_a
26,dtCookie
26,dsp_app_nexus
26,ckid
26,au_id
26,amplitude_cookie_test
26,adaptv_unique_user_cookie
26,ac_enable_tracking
26,_rdt_uuid
26,_gat_gaua_admin_tracker_code
26,__utmv
26,__create
26,__ae_uid_sess_id
26,__Host-GAPS
26,YTC
26,OAGEO
25,wp-wpml_current_language
25,v1_data
25,uid_syncd_secure
25,uid_syncd
25,sp_t
25,sbjs_migrations
25,po_visitor
25,messagesUtk
25,lng
25,humans_21909
25,hotcli
25,guest_id
25,fv
25,disqus_unique
25,complianz_policy_id
25,callibri_get_request
25,_tb_t_ppg
25,_tb_sess_r
25,_pxhd
25,_gu
25,_gaexp
25,_d_id
25,__jid
25,X-Salesforce-CHAT
25,DotomiUser
24,woocommerce_items_in_cart
24,wam-sync
24,visessid
24,vcO1B2L3-1
24,tv_UISTB
24,tdid
24,sskyu
24,sskya
24,sskyCreationTime
24,sp_landing
24,sb_ss
24,rcuid
24,jpxumatched
24,igodigitaltc2
24,igodigitalstdomain
24,exp_tracker
24,exp_last_visit
24,exp_last_activity
24,dyncdn
24,driftt_aid
24,bfq
24,ai_session
24,_rlmp1
24,SSCLB
24,SONATA_ID
24,LS_CSRF_TOKEN
24,CFTOKEN
24,CFID
24,BAIDUID
23,visitorId
23,uncs49
23,sc
23,rmxc
23,ppv1410
23,ph
23,pdhtkv49
23,gcma
23,fbh0
23,dph
23,dcid
23,data-rk
23,cm_uid
23,cktst
23,_tracking_consent
23,_shopify_tw
23,_shopify_tm
23,_shopify_m
23,_chartbeat4
23,__ddg2
23,__attentive_pv
23,__attentive_id
23,__attentive_cco
23,SESSION
23,OTP
23,NWB_LEGACY
23,NWB
23,IQAppnexusCookieSync
23,D41IDT
23,D41ID
22,wpfront-notification-bar-landingpage
22,wcsid
22,v1_referrer_callibri
22,tve_leads_unique
22,tlc
22,tid
22,section_data_ids
22,sbjs_udata
22,sbjs_session
22,sbjs_first_add
22,sbjs_first
22,sbjs_current_add
22,sbjs_current
22,olfsk
22,livin
22,hblid
22,calltrk_session_id
22,azk
22,advanced_ads_browser_width
22,_oklv
22,_okdetect
22,_okcs
22,_okck
22,_okbk
22,_ok
22,__utfpp
22,__attentive_dv
22,__51laig__
22,__51cke__
22,SSCVER
22,IMRID
22,ABTastyDomainTest
22,663a60c55d
21,tv_UIGL
21,tsid
21,tfstk
21,sspid
21,sppc_uuid
21,rum
21,puids
21,psui
21,paypal-offers--cust
21,mtc_sid
21,mtc_id
21,mautic_device_id
21,matchopenx
21,mage-translation-storage
21,mage-translation-file-version
21,lc
21,lb1s
21,isg
21,dom3ic8zudi28v8lr6fgphwffqoz0j6c
21,data-bs
21,data-amb
21,clid
21,acs
21,ab1d
21,_rlsnc
21,__tad
21,__attentive_ss_referrer
21,SID
21,JCS_INENTIM
21,JCS_INENREF
21,DigiTrust.v1.identity
21,BID
21,AuthV1
20,verizonwireless
20,ulogin_token
20,uid-bp-30833
20,timezone
20,ppv1507
20,last_front
20,kc
20,igodigitalst_10870841
20,icts
20,gup_anonid
20,gCStest
20,frontend_cid
20,fco2r34
20,data-mf
20,cwc
20,cf_chl_prog
20,cf_chl_1
20,bsw_origin_init
20,bp_user-role
20,bp_user-registered
20,anon_id
20,aep_usuc_f
20,_zsfp
20,_vis_opt_test_cookie
20,_vis_opt_s
20,_mailmunch_seen_month
20,_icl_visitor_lang_js
20,_gat_gciAnalytics
20,__zi
20,__insp_dct
20,YPF8827340282Jdskjhfiw_928937459182JAX666
20,UM_distinctid
20,OCSESSID
20,HWWAFSESTIME
20,HWWAFSESID
20,HEAD
19,visid
19,utm1
19,trustedsite_visit
19,tps
19,tk_qs
19,thirdparty
19,swym-session-id
19,swym-np_r
19,ssp_data
19,sputnik_session
19,source
19,snize-recommendation
19,slimstat_tracking_code
19,s_ppv
19,qab_previous_pathname
19,pw_deviceid
19,nmstat
19,matchmedianet
19,matchlotame
19,intelcorp
19,idt
19,gckp
19,fornax_anonymousId
19,dextp
19,d7s_dc
19,cX_T
19,_wpss_p_
19,_wpss_h_
19,_wpfuuid
19,_lfa
19,_ag_uid
19,__insp_wid
19,__insp_targlpu
19,__insp_targlpt
19,__insp_slim
19,__insp_nv
19,__ATA_tuuid
19,Shopper-Pref
19,STORE_VISITOR
19,SHOP_SESSION_TOKEN
19,HAPLB8G
19,ADGRX_CM_LOTAME_BRIDGED
18,verizon
18,ua
18,sessions
18,ptrt
18,ptran
18,ouuid_lu
18,ouuid
18,optiMonkClientId
18,migrated2y
18,lcri5m
18,lcai9h
18,gnt_eid
18,flaglng
18,e_id
18,data-xu
18,cX_S
18,cX_P
18,cX_G
18,bsw_sync
18,awpv11467
18,ain
18,ahoy_visitor
18,ahoy_visit
18,adguid
18,adcashufpv3
18,_ju_v
18,_ju_pn
18,_ju_dn
18,_ju_dm
18,_ju_dc
18,_gat_gtag_UA_5784146_31
18,IR_gbd
18,FOIN_CATEGORY1
18,AdskeeperStorage
18,3060738.3440491
17,xlly_s
17,utm_medium
17,uid_s
17,t
17,swym-swymRegid
17,swym-pid
17,swym-o_s
17,swym-instrumentMap
17,st_c
17,sd-session-id
17,s_fid
17,ptrstk
17,pp
17,pointer
17,pmpro_visit
17,pa_yahoo_ts
17,pa_uid
17,pa_twitter_ts
17,pa_rubicon_ts
17,pa_openx_ts
17,pa_google_ts
17,optimizelyDomainTestCookie
17,nsc
17,mbox
17,lamp
17,isframesetenabled
17,gnt_ub
17,gnt_sb
17,gdpr[consent_types]
17,gdpr[allowed_cookies]
17,fdst
17,dsp_smart_ad_server
17,dsp_pubmatic
17,dsp_dbm
17,dsp_TTD
17,devicePixelRatio
17,data-ttd
17,ct_uid
17,criteo
17,country_code
17,companies_visited_products
17,cmgtest
17,cmg_gid_le
17,cmg_gid
17,centerVisitorId
17,baMet_visit
17,ba-pr-id
17,ar1d
17,_uab_collina
17,_lorid
17,_lo_v
17,_lo_uid
17,_gat_cbias1
17,_csrf-frontend
17,_chartbeat5
17,__uir_i5mm
17,__uin_i5mm
17,__lotl
17,__ID
17,SCMt
17,SCMaps
17,MoodleSession
17,DNT
16,zync-uuid
16,xid
16,v
16,us_x1Rd
16,us_dTm0
16,uid-bp-26865
16,u_x1Rd
16,u_dTm0
16,tz
16,tmgioct
16,swym-cu_ct
16,sl
16,ptrbsw
16,platform
16,p
16,iua
16,ibbid
16,gpl
16,fs_uid
16,cuid
16,ct_idt
16,ct_did
16,csu
16,cookie_ver
16,carrotquest_testcookie
16,caosLocalGa_gid
16,caosLocalGa
16,cache0
16,bsi
16,abLdr
16,a2x
16,a2r
16,_li_dcdm_c
16,_lc2_fpi
16,_gat_UA1168580691
16,_BUID
16,WhiteSaas_uniqueLead
16,WhiteCallback_visit
16,VCB
16,PMDTSHR
16,IDT
16,ELOQUA
16,DUMMY_COOKIE
16,CraftSessionId
16,AU
16,3749b
15,userGroup
15,thx_guid
15,pxId
15,matchfreewheel
15,logglytrackingsession
15,livraison
15,lcsrd
15,gup_lng
15,gt
15,faceN
15,eDtrackId
15,data-mm
15,cted
15,ct0
15,csrfToken
15,csfq
15,carrotquest_session
15,call_s
15,bk
15,ali_apache_tracktmp
15,ali_apache_track
15,ajs_user_id
15,advanced_ads_page_impressions
15,_p_hfp_client_id
15,_lastvisited
15,_gat_gtag_UA_148920417_1
15,_ct
15,__RADVUID
15,__168_cid
15,TAUnique
15,TAUD
15,TATravelInfo
15,TASession
15,TASSK
15,TART
15,ServerPool
15,SRT
15,SOSYNC
15,PMC
15,BCH_H
15,3rdpce
15,-test-amp-cookie-tmp
14,yo
14,wordpress_lp_guest
14,vi
14,unit_4604_bucket
14,umdata_
14,uh
14,ts_type2
14,time_limit_track
14,ssw_visitor
14,session_depth
14,s_vi
14,resolution
14,reg_ver2
14,ratr
14,r1
14,pr
14,pbjs-id5id_last
14,paypal-offers--country
14,oath
14,mrmn_uid
14,map_yahoo
14,map_squadata
14,ips4_IPSSessionFront
14,ih
14,i_0
14,hstpv4user
14,hesid
14,hash_key
14,fsb_previous_pathname
14,euconsent-v2
14,done_redirects200
14,digits_countrycode
14,data-max
14,data-a
14,cache
14,bonga20120608
14,atref
14,apnid
14,aka_debug
14,ajs_group_id
14,_vwo_uuid
14,_vwo_sn
14,_vwo_ds
14,_ljtrtb_85
14,_ljtrtb_2
14,_fw_crm_v
14,_eshoob
14,_admrla
14,__da_as
14,UM1
14,ELQSTATUS
14,ECS_ID
14,CfP
14,CRAFT_CSRF_TOKEN
14,CID
14,BONGAH_HIT
14,2e753c0fb186ffb4be4d061b2937631d
13,zte2095
13,zb_test_cookie
13,tarteaucitron
13,tads_uidp_80
13,stc
13,sr95
13,sr93
13,sr90
13,sr86
13,sr55
13,session-id
13,seerid
13,s_nr
13,s1
13,rubi
13,rlpagcs
13,pxcelPage_c010
13,private_content_version
13,p1
13,ol
13,nova
13,ngx_uid
13,na_sc_x
13,mvuid
13,mvsid
13,map_google
13,lightstep_session_id
13,kt_tcookie
13,intl_locale
13,intl_common_forever
13,iclick
13,gdpid
13,external_referer
13,e
13,dwqa_anonymous
13,dnn_IsMobile
13,dd
13,dc3
13,data-v
13,csip
13,cap
13,cad
13,bfp_sn_t_8b2087b102c9e3e5ffed1c1478ed8b78
13,bfp_sn_rt_8b2087b102c9e3e5ffed1c1478ed8b78
13,bfp_sn_rf_8b2087b102c9e3e5ffed1c1478ed8b78
13,a310756
13,a307355
13,a306114
13,_ym_visorc_50292898
13,_ym_metrika_enabled_50292898
13,_twitter_sess
13,_trmcuser
13,_trmcsession
13,_trmcpage
13,_trmcdisabled2
13,_trmccid
13,_sp_v1_uid
13,_sp_v1_ss
13,_sp_v1_opt
13,_sp_v1_lt
13,_sp_v1_data
13,_sp_v1_csv
13,_rd
13,_ljtrtb_76
13,_ct_site_id
13,_ct_session_id
13,_ct_ids
13,_cmpQc3pChkKey
13,__try__
13,__tb
13,__smSmartbarShown
13,__insp_norec_sess
13,_ZB_ADMIN_LAST_URL_
13,X-Magento-Vary
13,VMI
13,TACds
13,SC_ANALYTICS_GLOBAL_COOKIE
13,RT
13,OB-USER-TOKEN
13,MSSH
13,MSRH
13,LentaInformStorage
13,InfusionsoftTrackingCookie
13,IZH_Q
13,IZH
13,IUID
13,ISSH
13,ISPH_Q
13,ISPH
13,ISH_Q
13,ISH
13,IPMUID
13,IPMPLU
13,IPLSH_Q
13,IPLSH
13,IPLH_Q
13,IPLH
13,IMH_Q
13,IMH
13,IMCH_Q
13,IMCH
13,ILPLU
13,ILP
13,ILMPF
13,ILEALC
13,IKSR
13,ICH_Q
13,ICH
13,IBL
13,CHN
13,BSWUID
13,BONGA_REF
13,ADRUM_BTa
13,ADRUM_BT1
13,494668b4c0ef4d25bda4e75c27de2817
12,xf_csrf
12,visited
12,user_gsp
12,uncodeAI.screen
12,uncodeAI.images
12,uncodeAI.css
12,tpq
12,tm_session_id
12,thirdPartyCookiesEnabled
12,tag-link
12,tads_uidp_83
12,tads_uidp_82
12,tads_uidp_79
12,tads_uidp_75
12,tads_uidp_72
12,tads_uidp_7
12,tads_uidp_62
12,tads_uidp_61
12,tads_uidp_52
12,tads_uidp_50
12,tads_uidp_49
12,tads_uidp_48
12,tads_uidp_47
12,tads_uidp_46
12,tads_uidp_44
12,supportOnlineTalkID
12,srp
12,session_token
12,session-id-time
12,security_session_verify
12,rxvt
12,rxVisitor
12,rrpvid
12,rr-testCookie
12,reffer_channel
12,ref_id
12,rcuuid
12,psyn
12,postbackid
12,pdid
12,pbm
12,page_version
12,osr_referrer
12,osr_landing
12,od
12,ndat
12,nats_cookie
12,nats
12,mgm
12,mar
12,map_weborama
12,map_freewheel
12,map_audiencerate
12,map_adobe
12,lkid
12,linkid
12,last_seentd
12,last_seenpbm
12,last_seenhaloid
12,last_seeng_hosted
12,last_seenadx
12,last_seenadnxs
12,last_seenadb
12,landingUrl
12,ktcid
12,kt_is_visited
12,ips4_guestTime
12,hsk_465
12,hsk_350
12,halo_id
12,google_gid
12,globalegrowbigdata2018_globalegrow_session_id
12,globalegrow_user_id
12,gb_vsign
12,gb_soa_www_session
12,gb_pipeline
12,gb_pf
12,gb_lang
12,gb_fcmPipeLine
12,gb_fcm
12,gb_currencyCode
12,gb_countryCode
12,g_hosted
12,f
12,exp_csrf_token
12,epq
12,dtSa
12,dtPC
12,dtLatC
12,dspuuid
12,dp-1361
12,dnb
12,data-sy
12,d_fbu
12,cdn_countryCode
12,bdswch
12,bb_sessionhash
12,bb_lastvisit
12,bb_lastactivity
12,atid
12,at_check
12,appier
12,aniC
12,aff_mss_info_bak
12,aff_mss_info
12,advanced_ads_pro_visitor_referrer
12,advanced-frontend
12,adnxs_id
12,adinj
12,adb
12,a08344f4ee0248b76e9b9cbfc2e652fa
12,_ym_visorc_53858797
12,_ym_metrika_enabled_53858797
12,_umdata
12,_ngroup
12,_ljtrtb_86
12,_ljtrtb_80
12,_liChk
12,_gat_UA-48073707-11
12,_dc_gtm_UA-48073707-1
12,_cmpQcif3pcsupported
12,_ck_form
12,__utmt_~1
12,__uir_tl
12,__uin_tl
12,__trf.src
12,__lt__sid
12,__lt__cid
12,__ddg4
12,__103_exp
12,__103_cid
12,WEBF_predate
12,WEBF_guid
12,RUID
12,FUID
12,CookieLawInfoConsent
12,CM
12,CAKEPHP
12,BITRIX_SM_TIME_ZONE
12,AKAM_CLIENTID
12,ABTasty
11,zmnta
11,wingify_donot_track_actions
11,wf
11,warning18
11,vf
11,ver
11,v1_154
11,unique_id
11,uid-bp-23409
11,ui
11,ttd
11,tt_skp
11,tt_salesforce
11,tt_retargetly
11,tt_neustar
11,tt_liveramp
11,tt_exelate
11,tt_emetriq
11,tt_dar
11,tt_bluekai
11,trx_addons_is_retina
11,traffic
11,testing
11,tb
11,tads_uidp_55
11,tads_uidp_45
11,tads_uidp_37
11,sync_601df59f-1277-41ba-926e-92b25c5e28bd
11,swym-currentFilter
11,style_cookie
11,ssid
11,sr97
11,smvr
11,smuuid
11,sg
11,sddan_cmp_third_party
11,scm
11,sbid
11,rtbhs
11,review_id
11,referrer
11,rbcn
11,pxcelPage_c010_B
11,ps
11,os
11,mex
11,mdfrc
11,mautic_referer_id
11,matchadform
11,map_ttd
11,map_smart
11,map_nexus
11,map_millemercis
11,lastVisitedCategory
11,ips4_ipsTimezone
11,ips4_hasJS
11,ipp_key
11,io.narrative.guid.v2
11,intimm
11,hstpconfig
11,hsk_911
11,hsk_469
11,hsk_1365
11,hotlog
11,gt_auto_switch
11,font_loaded
11,feathr_session_id
11,f_id
11,drift_campaign_refresh
11,dmp
11,data-pba
11,data-dmx
11,dable_uid
11,d_rt
11,cultureKey
11,cmpsync
11,clbvid
11,catAccCookies
11,carrotquest_uid
11,carrotquest_session_started
11,carrotquest_realtime_services_transport
11,carrotquest_device_guid
11,carrotquest_auth_token
11,bm_mi
11,bfp_sn_td_d2180f09642741d49326c3057ba0d6a9
11,au_idmatch
11,amuid2
11,aff
11,adot
11,actvagnt
11,aawp-geotargeting
11,_ym_metrika_enabled_56213845
11,_ym_metrika_enabled_46231566
11,_ym_metrika_enabled_39321485
11,_wingify_pc_uuid
11,_ssts_lr
11,_sscn_b
11,_sscn_a
11,_smvs
11,_skp
11,_ljtrtb_43
11,_ljtrtb_23
11,_ljtrtb_10
11,_ldbrbid
11,_help_center_session
11,_gw
11,_gs
11,_gg_ck_match
11,_cc_visit
11,_cc_session
11,_cc__visit_deep
11,__tld_test__
11,__smListBuilderShown
11,__io_visit_expire.12.day
11,__io_v_pv_12.11.direct
11,__amc
11,TPC
11,SPSI
11,SPSE
11,SCM1001213
11,RCID2
11,LPVisitorID
11,LPVID
11,LPSessionID
11,JivoSiteLoaded
11,IgniteCookieSync
11,IQPending
11,FOIN_REF1
11,CMSPreferredCulture
11,CM14
11,Apache
11,ABTastySession
10,xpnes
10,visid_incap_275317
10,vglnk.PartnerRfsh.p
10,v1_118
10,v1_115
10,usb_previous_pathname
10,unm
10,testcookie
10,tads_uidp_76
10,sr94
10,sr85
10,sr80
10,sr76
10,sr7
10,sr60
10,sr53
10,sr52
10,sr39
10,sr25
10,sr23
10,sr22
10,sr12
10,sib_cuid
10,shipping
10,session_session
10,scroll
10,sambapxid
10,rlprp
10,referrer_user_id
10,redirect_to_cookie_reload
10,prli_visitor
10,pa_crosswise_ts
10,motionbeat2
10,mo_page_views_counter
10,mo_is_new
10,mo_has_visited
10,mc_session_ids[multi][4]
10,mc_session_ids[multi][3]
10,mc_session_ids[multi][2]
10,mc_session_ids[multi][1]
10,mc_session_ids[multi][0]
10,mc_session_ids[default]
10,mautic_session_id
10,matchid5
10,map_lot
10,m5a4xojbcp2nx3gptmm633qal3gzmadn
10,ldsuid
10,is_rtl
10,idrxvr
10,hsk_7144
10,hsk_460
10,gl
10,freewheel-detected-bandwidth
10,first_visit_time
10,django_language
10,device_view
10,data-so
10,countryCode
10,complianz_consent_status
10,check
10,cb-enabled
10,buid
10,br
10,bp-activity-oldestpage
10,avlukey
10,avlcnt
10,av
10,atidx
10,ac
10,ab_audience_1
10,_zsfp-legacy
10,_token
10,_stc
10,_sm_cm
10,_nx-nocache
10,_ljtrtb_16
10,_glhf
10,_gauges_unique_year
10,_gauges_unique_month
10,_gauges_unique_hour
10,_gauges_unique_day
10,_gauges_unique
10,_gauges_cookie
10,_gat_blogger
10,_ccpx_u
10,_calendly_session
10,_bit
10,__zi-legacy
10,__io_session_id
10,__io_d
10,UIBK
10,PCID
10,PARTNER_ID_2228
10,PAPVisitorId
10,GN_USER_ID_KEY
10,GN_SESSION_ID_KEY
10,DSPR
10,Bidoomy-CookieIE
10,Bidoomy-Cookie
10,AppSession
10,A6
10,52823
10,113
9,xf_session
9,wordpress_google_apps_login
9,wordfence_verifiedHuman
9,wd
9,vcnpxst
9,vcnpxid
9,vchideactivationmsg_vc11
9,v1st
9,v1_sessions_callibri
9,v1_109
9,utm_content
9,us_hr8m
9,uid-bp-8225
9,uid-bp-25522
9,uc
9,u_hr8m
9,tv_UIAM
9,tv
9,tp_cookie
9,syncdata_IOW
9,super_session
9,sr46
9,sr43
9,snexid
9,smn_uid
9,skid
9,shopping-cart
9,sf_ck_tst
9,scripps
9,s_sess
9,s_ppvl
9,rtnp
9,rng
9,referrer_id
9,redirect
9,rdtrk
9,pv
9,piuid
9,osclass
9,o1b2l3sessido1b2l3
9,nlbi_275317
9,mtm_delivered
9,lfuuid
9,kppid_managed
9,koitk
9,iev0
9,id5id.1st_last
9,id5id.1st
9,hl
9,gi
9,g
9,fc
9,external_no_cache
9,evercookie_etag
9,evercookie_cache
9,eupubconsent-v2
9,dmvk
9,didomi_token
9,data-rbh
9,data-co
9,data-c
9,csrf_cookie_name
9,cr
9,country_name
9,connection_track
9,cisession
9,calltrk_fcid
9,bs
9,bId
9,atexc
9,app_uid
9,ahoy_track
9,adsplacerProReferrer
9,_tlv
9,_tls
9,_tlp
9,_tlc
9,_ssc
9,_ss_pp_id
9,_rdtrk
9,_ljtrtb_83
9,_ljtrtb_26
9,_gat_ob
9,_gat_UA-1577313-14
9,_cq_check
9,_cio
9,__utmt_b
9,__ss_tk
9,__ss_referrer
9,__ss
9,__na_c
9,__io_uh
9,__auid
9,__SPK_UID
9,__AntiXsrfToken
9,_ZB_STATS_VISIT
9,_TEST_
9,_GPSLSC
9,UUID
9,UTGv2
9,SessionId
9,SJECT2012
9,SCM1001851
9,RTUS_STATUS
9,R
9,PocketAdsUid
9,PLAY_LANG
9,MEDIAAD_USER_ID
9,LaVisitorNew
9,LaSID
9,GlobalE_Data
9,GAD
9,BT
9,BITRIX_SM_BANNERS
9,BIGipCookie
9,AviviD_uuid
9,AVPUID
9,750.0
8,xsrft
8,xsrfp
8,wooTracker
8,wisepops_visits
8,wisepops_session
8,wisepops
8,vt
8,vrc
8,visit_id
8,venyoo_widget_default_unique
8,va
8,userid
8,uid_legacy
8,uid-bp-34673
8,u_loc
8,trace_id
8,syncdata_TAB
8,sync_917a4813-f4e0-43b6-a0a7-80027d9ef834
8,stel_ssid
8,stats_id
8,ssr-caching
8,sr99
8,sr6
8,sr45
8,sp_test
8,smg
8,slirequested
8,slireg
8,sliguid
8,shopping-bag-migration
8,shmarker
8,seen_crc
8,sb
8,sa
8,rtkuuid
8,rtg_page
8,rpools
8,roistat_phone_script_data
8,roistat_phone_replacement
8,roistat_phone
8,roistat_call_tracking
8,refid
8,ref_host
8,px
8,pum_alm_last_activity
8,pum_alm_first_activity
8,przvgl
8,promo_id
8,priv
8,pr_legacy
8,platform1
8,otcm_weborama
8,otcm_vihub
8,otcm_umg
8,otcm_targetrtb
8,otcm_stream
8,otcm_snp_weborama
8,otcm_snp_aidata
8,otcm_snp
8,otcm_segmento
8,otcm_sape
8,otcm_republer_dsp
8,otcm_moevideo
8,otcm_mgcomm
8,otcm_mediainstinct_dmp
8,otcm_mediainstinct
8,otcm_maxima
8,otcm_magnite
8,otcm_justnow
8,otcm_inspiritum
8,otcm_hybrid
8,otcm_googleadx
8,otcm_google2
8,otcm_gomobile
8,otcm_getintent
8,otcm_cleverdata
8,otcm_buzzoola_ssp
8,otcm_beeline
8,otcm_bazzoola
8,otcm_alfasense-a
8,otcm_aidata
8,otcm_adspend
8,otcm_adriver.img
8,otcm_adcamp
8,oribi_cookie_test
8,o1b2l3o1b2l3visit
8,notice_behavior
8,new_adx_profile_guid
8,nats_adtool_unique
8,naslvq
8,mybb[lastvisit]
8,mybb[lastactive]
8,matchliveramp
8,mako_fpc_id
8,lt-io
8,lsSema-auth
8,lbc_browser_id
8,last_seenbeeswax
8,last_ref
8,ki_t
8,key_visitor
8,ist
8,isiframeenabled
8,irclickid
8,io_token_7c6a6574-f011-4c9a-abdd-9894a102ccef
8,insdrPushCookieStatus
8,ins-storage-version
8,ins-c
8,iher-pref1
8,ih-preference
8,id5id.1st_123_nb
8,haircki
8,h_zdbb
8,geo
8,fp
8,form_page
8,firefly_akamai_open
8,firefly_akamai_meter
8,firefly_akamai
8,f5_cspm
8,evid_0046
8,dtuid
8,device_uuid
8,data-tl
8,data-r1
8,data-ayl
8,damd
8,d2id
8,cusid
8,ctcb
8,csuuidSekindo
8,csuuid
8,cstp
8,csc
8,crmcsr
8,cqe
8,cookie2
8,cookie-agreed
8,collection-sid
8,cmt
8,cme
8,client_id
8,city_id
8,c70d86887753df72d94c283109a34b5ditinerary
8,c340a
8,bonnierUserAnonId
8,bid
8,beeswax_id
8,bc.visitor_token
8,barometric[cuid]
8,bSession
8,awpv9306
8,avcid-evt-uid
8,asp_transient_id
8,apbct_visible_fields_count
8,adx_profile_guid
8,adtelli
8,adsnpr
8,_tb_token_
8,_sn_n
8,_sn_m
8,_sn_a
8,_ruid
8,_policy
8,_ljtrtb_66
8,_ljtrtb_56
8,_imps
8,_gat_gtag_UA_111558612_1
8,_gat_clientTracker
8,_gat_UA199959031
8,_dd_s
8,_biz_uid
8,_biz_sid
8,_biz_pendingA
8,_biz_nA
8,_biz_flagsA
8,__id_utm
8,__aavt
8,__aavi
8,__aast
8,__aasi
8,__C
8,WhiteCallback_timePage
8,WhiteCallback_timeAll
8,WhiteCallback_openedPages
8,WhiteCallback_mainPage
8,WSS_FullScreenMode
8,UI
8,TGSID
8,SNS
8,SCMsas
8,PH_HPXY_CHECK
8,OneTrustWPCCPAGoogleOptOut
8,OAID_S
8,OAIDT
8,NetRefer_CookieUniTrack_V
8,MC1
8,Hint
8,DMP_UID
8,CSRF-TOKEN
8,BVSID
8,BVID
8,BVBRANDSID
8,BVBRANDID
8,AcuityAds
8,ABCDEFGHIJKLMNOPQRSTUVWXYZabcdefghijklmnopqrstuvwxyz0123456789+/
8,6suuid
8,6US
8,2_C_55
7,x-country-code
7,x-client-ip
7,wpglobus-language
7,waldo_region
7,waldo_country
7,waldo_continent
7,waldo-pbjs-unifiedid
7,waldo-pbjs-pubCommonId
7,vela_w_c
7,vela_w
7,vela_v_c
7,vela_v
7,vela_s_c
7,vela_s
7,vela_m_ca
7,vela_m_c
7,vela_m
7,vela_is_first_visit
7,vela_feature
7,vela_device
7,vela_3m_c
7,vela_3m
7,ust
7,user_language
7,uncs29
7,uidc
7,udmts
7,ud_rule_vars
7,ud_firstvisit
7,ud_cache_version
7,ud_cache_user
7,ud_cache_release
7,ud_cache_price_country
7,ud_cache_modern_browser
7,ud_cache_marketplace_country
7,ud_cache_logged_in
7,ud_cache_language
7,ud_cache_device
7,ud_cache_campaign_code
7,ud_cache_brand
7,ubid-main
7,ty_check_pv
7,turn_id
7,ttdid
7,tt
7,trust
7,tnmid
7,tjex_infra
7,tjex
7,tj_track
7,tj_seed
7,tj_conf
7,szm
7,symfony
7,svSession
7,stripchat_com_guestId
7,stripchat_com_firstVisit
7,stripchat_com_affiliateId
7,stg_traffic_source_priority
7,stg_returning_visitor
7,stg_last_interaction
7,sst
7,spcsrf
7,sono
7,sncr
7,smxrbc
7,site_theme
7,site_identity
7,session-token
7,selected_country_id
7,selected_country_code
7,seen
7,searchsuiteautocomplete
7,sd
7,sc.ASP.NET_SESSIONID
7,sas_uid
7,safedog-flow-item
7,s_vnum
7,s_tp
7,s_pers
7,s_lv_s
7,s_lv
7,s_invisit
7,s_ecid
7,rt
7,rs
7,roid
7,re
7,r
7,profileSessionKey
7,pro_cc2
7,popup
7,pmvid
7,pmtimesig
7,pics_a
7,permutive-session
7,pdhtkv29
7,paxful_bitcoin
7,page_num
7,paddlejs_checkout_variant
7,optimizelySegments
7,optimizelyPendingLogEvents
7,optimizelyBuckets
7,optiMonkSession
7,optiMonkClient
7,nsr_er_campaigname
7,ninja_dsp_uid
7,new_3.adx_rt_0
7,new_3.adx_daily_rt_0
7,mosvisitor
7,mocl
7,mmid
7,mgo_uid
7,mgo_sid
7,mgo_sb_session
7,mgo_sb_migrations
7,mgo_sb_first
7,mgo_sb_current
7,mgo_cnt
7,matchtrustx
7,mUserCookie
7,mCookie
7,location
7,lid
7,last_seenszm
7,last_seenson
7,last_seensmart
7,last_seenpulsepoint
7,last_seenamo
7,lastSetCartToken
7,lapuid
7,languages_id
7,languages_code
7,ku3-vid
7,ku1-vid
7,ku1-sid
7,kt_ips
7,km_vs
7,kinsta_referral
7,ki_r
7,kadUnP3
7,kadRPixJ
7,jpgpics_stat
7,io_user_hash
7,iid
7,id_apnx
7,id_amb
7,hs
7,hash
7,handl_url
7,handl_landing_page
7,handl_ip
7,gm
7,forterToken
7,footprints
7,first_visit
7,fav
7,faucetpay
7,f5avrbbbbbbbbbbbbbbbb
7,exaff
7,evi
7,ea2e91f7-8a00-4c54-b3fa-ab0f3dcf1585
7,dxid
7,driftt_sid
7,dpi
7,direct
7,device
7,cug
7,ctmp
7,ctime
7,cstc
7,csrf
7,cs_affiliate
7,countrycode
7,click_id
7,cli_user_preference
7,ci-language
7,ci-currency
7,ci-countrycode
7,ci-country
7,cg_uuid
7,cf:visitor_id
7,cf:term
7,cf:source
7,cf:name
7,cf:medium
7,cf:content
7,cf:cf_affiliate_id
7,cf:affiliate_id
7,cf:aff_sub3
7,cf:aff_sub2
7,cf:aff_sub
7,cex-prod-session
7,ccuid
7,ccsid
7,ccl
7,bpmkv
7,bigminingusr
7,awpv11317
7,apuid
7,apudmg
7,anid
7,affi
7,admix
7,adlm_userId
7,addevent_track_cookie
7,acw_tc
7,acu
7,ac3
7,aam_uuid
7,_ym_visorc_56501437
7,_ym_metrika_enabled_56501437
7,_ym_metrika_enabled_45411513
7,_xsrf
7,_sscn_up
7,_sscn_t
7,_session
7,_mcnc
7,_ljtrtb_87
7,_ljtrtb_84
7,_ljtrtb_5001
7,_ljtrtb_49
7,_ljtrtb_3
7,_ljtrtb_12
7,_gd_visitor
7,_gd_svisitor
7,_gd_session
7,_gat_gtag_UA_2716805_14
7,_fs
7,_an_uid
7,__utmzzses
7,__unam
7,__udmy_2_v57r
7,__opix_uid
7,__mmapiwsid
7,__lxGr__ses
7,__cust
7,__au
7,__adiCookieCheck
7,_PCCID
7,_ALGOLIA
7,ZL7Yib3tjMmwPTRr
7,USERID_COOKIE_NAME
7,Trk0
7,TT_LANG
7,TT_CURR
7,Start_Time
7,SESSID
7,Ret
7,ROUTEID
7,PLAY_SESSION
7,MintChipSessionId
7,MintChipId
7,M_SID
7,IP_info
7,HAPLB5A
7,External
7,DotMetrics.UniqueUserIdentityCookie
7,DotMetrics.DeviceKey
7,DFTT_END_USER_PREV_BOOTSTRAPPED
7,CxtId
7,CookieInformationConsent
7,CPA
7,CONNECTIONID
7,COMBOID
7,CDI
7,CCK
7,CAC
7,BNI_persistence
7,BCSessionID
7,ANUSERCOOKIE
7,ADRUM_BT2
7,ABTest_recommended_v23_key
7,6e4b8efee4
7,5c6dca38df
7,3.adx_rt_0
7,3.adx_daily_rt_0
6,zc_tp
6,zc_cu
6,yn-seen-bnr-ids
6,xspy
6,xbc
6,xaduuid
6,wt_nbg_Q3
6,wpglobus-language-old
6,wordpress_poping
6,wisepops_props
6,widgetOptState
6,weather_location
6,visitor_uuid
6,visitor_id407162-hash
6,visitor_id407162
6,viewportWidth
6,viewportHeight
6,vcnpxsn
6,utm
6,uslogst
6,user_lang
6,user30
6,unique_id_durable
6,uniq_flag
6,undefined
6,uncs5
6,uinfo
6,ucv
6,tracking_code
6,total_impressions
6,thx_global_guid
6,sz
6,syncdata_TAP
6,sync_done
6,swc_swreferrer
6,svid
6,stg_externalReferrer
6,statid
6,sshs
6,src
6,spotim_visitId
6,site_version
6,site_preview
6,site_lang
6,shopify_session
6,shopify_recently_viewed
6,sglst
6,session-1
6,seerses
6,screenWidth
6,screenHeight
6,sales_pop_view_count
6,s_ppn
6,rlpadbf
6,responsiveGhost
6,region
6,reflinkid
6,referrer_url
6,referral_values
6,referralCode
6,ref_url
6,recentlyViewed
6,rdrlst
6,pxs
6,pwrlnks
6,pro_cc3
6,prmn_confirm
6,pmah
6,plerdy_udata
6,plerdy_session
6,plerdy_migrations
6,plerdy_first_visit
6,plerdy_first_add
6,plerdy_first
6,plerdy_current_add
6,plerdy_current
6,platform_cookie_reset
6,pid_315
6,pid_312
6,pid_309
6,pid-i
6,permutive-id
6,pdhtkv5
6,pbpr0tpuw4isk85t8yg3jb2lj5vqf
6,pbjs-pubCommonId
6,pb-tracking-id
6,nuid
6,no_mobile
6,nf_device
6,nc
6,nQ_userVisitId
6,nQ_cookieId
6,mytarget
6,mreds
6,mp_ec17ab267df6688013d497b75ddd3308_mixpanel
6,mp_c670e9bdd02636ac69f89cf7b83e9c2c_mixpanel
6,mp_a6c0abcb7b5e56fdacf7220338c4ae0c_mixpanel
6,mindboxDeviceUUID
6,mboxEdgeCluster
6,map_exelate
6,map_amazon
6,macctid
6,lv
6,lux_uid
6,lt
6,lr_get_top_level_domain
6,lotame
6,logicad
6,liveagent_vc
6,liveagent_sid
6,liveagent_ptid
6,liveagent_oref
6,lightstep_guid/medium-web
6,lfj
6,last_seenjpm
6,last_seenemx
6,lastW_mapping
6,lang_code
6,kvcd
6,km_lv
6,km_ai
6,kampyleUserSessionsCount
6,kampyleUserSession
6,kampyleSessionPageCounter
6,js_test
6,jpmid
6,jpgpics_w
6,jfcookie[lang]
6,is_mobile
6,is_eu
6,incap_ses_1316_275317
6,idntfy
6,id_visit
6,hunter_sid
6,hotid
6,history
6,hello_retail_id
6,guest_token
6,gpv_pn
6,global_visit_counter
6,ghostmonitor_session_id
6,get_top_level_domain_cookie
6,ga_cookie_state
6,ga_cookie_geo
6,foo
6,file_id
6,fg_9d12f2b2865de2f8c67706feaa332230
6,fe_typo_user
6,extid
6,eplay-tracking-trackingId
6,eplay-tracking-linkId
6,eplay-tracking-everflowId
6,eplay-tracking-campaign
6,emxid
6,ebay
6,dwsid
6,dw_dnt
6,domaintest
6,discount_code
6,directCrm-session
6,device_id
6,deviceUUID
6,data-som
6,cuvon
6,cuvid
6,current_server_session_id
6,cup
6,csbwfs_show_hide_status
6,cookieconsent_dismissed
6,cookiebar
6,cookie_check
6,cookie-agreed-version
6,cn_session_id
6,client_platform_id
6,client_ip
6,ckon2012
6,cjs
6,cit
6,chash
6,ccs
6,bus
6,btw_sync
6,bt3
6,bsid
6,brw
6,browsed_products
6,brandcdn_uid
6,bonus
6,boldmc-initial-conversion
6,boldCurrencyCookie
6,bkng
6,beget
6,bbsessionhash
6,bblastvisit
6,bblastactivity
6,ban_check
6,b_test
6,b1cRef
6,apay-session-set
6,altg
6,ak
6,aiovg_rand_seed
6,aidata_sync
6,ahoy_events
6,aelia_cs_selected_currency
6,adsplacerProCountry
6,adsplacerProCity
6,adobeujs-optin
6,activity
6,acl
6,acjt
6,acjref
6,abgroup
6,abTestType
6,_xttrk2
6,_u
6,_immortal|Arc_nodeId
6,_ibp_st
6,_gat_gtag_UA_69261907_2
6,_gat_UA-32663782-1
6,_gat_UA-2044446-18
6,_gat_UA-101445822-8
6,_dw_uid3p
6,_dc_gtm_UA-101445822-8
6,_conv_v
6,_conv_s
6,_afid
6,__uif
6,__tbc
6,__rtgt_sid
6,__rs_uid
6,__pvi
6,__pat
6,__oaue
6,__lagalaxy_ds_cookie_test
6,__exponea_time2__
6,__exponea_etc__
6,__cq_dnt
6,___utmvmIwBuykvY
6,___utmvbIwBuykvY
6,__UF
6,__RC
6,__R
6,__LXUNBOOM
6,__LXUN
6,__Host-airtable-session.sig
6,__Host-airtable-session
6,__157_cid
6,_LXVF
6,_BS_GUUID
6,ZDEDebuggerPresent
6,WHMCSAffiliateID
6,UTDP
6,SharedSessionId
6,Serv
6,SOMOID
6,SLB
6,SFT
6,SERVID
6,SCOUTER
6,SCMu
6,SCMs
6,Referer
6,RedirectDomain
6,RNPS
6,PubMatic-UnifiedId
6,PZK
6,PI
6,OVERBLOG
6,OAX
6,MUIDB
6,KRTBCOOKIE_669
6,IsRestrictedCountry
6,IsRegulatedCountry
6,IsAppStoreCountry
6,IR_PI
6,GLAM-SID
6,GLAM-JID
6,GLAM-AID
6,GCM
6,ECS[display]
6,CountryID
6,Country
6,CookieID
6,CTK
6,CP_TrackBrowser
6,CP_IsMobile
6,CONSENTMGR
6,C3UID
6,BrowserId_sec
6,BrowserId
6,BITRIX_SM_SALE_AFFILIATE
6,BITRIX_CONVERSION_CONTEXT_s2
6,BIGipServerpool_www.sanitas.es_StaticContent
6,BCTempID
6,BACKENDID
6,ApplicationGatewayAffinityCORS
6,ApplicationGatewayAffinity
6,ADGRX_CM_RUBICON_BRIDGED
6,2a0d2363701f23f8a75028924a3af643
6,1dmp
5,yottos_unique_id
5,yn_nrgc
5,yn_lrgn
5,xh_exp_29
5,x_axis_main
5,wpzerospam_ip_checked
5,wpzerospam_has_access
5,woa1quur7O
5,wbn
5,voidcache
5,visit_today
5,vis57
5,vis10
5,viewer
5,vfcug
5,vampid
5,v_hash
5,uwid
5,utm_term
5,uns
5,unic_vc
5,uid-bp-23329
5,ugid
5,uclickhash
5,uclick
5,uc_session
5,u_guid
5,tt_c_vmt
5,tt_c_s
5,tt_c_m
5,tt_c_c
5,tt.u
5,tt.nprf
5,trustedsite_tm_float_seen
5,trk
5,trackalyzer
5,timeout
5,time
5,throttling
5,temporary_get_base_domain
5,tchibo_et_uk
5,tchibo_et_gk
5,sui
5,ssp_custom_data
5,spotim-ab
5,spfp
5,spcid
5,sn
5,smcfds
5,sl_time_on_site_markers
5,sl_session_start
5,sessionID
5,session.sig
5,session-id-apay
5,sess_
5,ses57
5,ses10
5,ruuid_lu
5,ruuid
5,rub
5,rtk_session
5,rt_page
5,rmlconsent_consumerreports.org
5,retrack
5,regru_utr
5,referal
5,refer_page
5,reduxPersistIndex
5,rack.session
5,qtrans_cookie_test
5,push-request-sent
5,prodperfect_session
5,prmn_fias
5,popin
5,pmid
5,pfxid
5,permission
5,partner_id
5,partner
5,parenturl
5,p_fluct
5,oxi_referrer
5,otuvid
5,ot-cookie-check
5,org.springframework.web.servlet.i18n.CookieLocaleResolver.LOCALE
5,october_session
5,nsprod_webinfa_lb
5,npii
5,nlec29f2f78e6fba0daade37f12edb9dde6d
5,nhunter_session
5,nhunter_delivery_page
5,nf_wp_session
5,native-permission-impression
5,n
5,mobile_redirect_source
5,mobile_redirect
5,mip_performance_stats_level1
5,marquiz__url_params
5,lsContextID
5,login_token
5,lg
5,last_seenrub
5,last_seenimprove
5,languageCode
5,kt_lang
5,kohls
5,kampyle_userid
5,kadSlcJ
5,jpxuuid
5,jpxsession
5,iutk
5,ip
5,iom_consent
5,ins_order_version
5,initialTrafficSource
5,imps92
5,impr_uid
5,idx
5,id_ts
5,ibx_wpfomo_ip
5,hunter_start
5,hsk_656
5,hsk_2885
5,hsk_11444
5,hparg
5,hbcm_sd
5,gso_visitor_uid
5,gr83p_59db3877322f17e6c0092c106bdf75dd
5,gr
5,gps
5,geo-location
5,gdpr-source
5,fssts
5,fsbotchecked
5,frontend_lang
5,fout
5,first_visit_date
5,first_referer
5,first_current_location
5,fca_stat_sid
5,fca_sid
5,fca_check_cookie
5,fca_call_count
5,f5avraaaaaaaaaaaaaaaa_session_
5,exactag_new_uk
5,exactag_new_gk
5,ex_uuid
5,evercookie_png
5,evercookie
5,eucookielaw
5,etBloomCookie_optin_1
5,ep202
5,ep201
5,em_cdn_uid
5,ecm
5,dmp.id
5,displayCookieConsent
5,deviceIdentifier
5,data-t
5,data-br
5,d_uidb
5,d_uid
5,cx_profile_timeout
5,current_location
5,cs_a
5,cquid
5,cqcid
5,cpm-user-id
5,cpm-start-page
5,cpm-referer
5,cpm-page
5,cpm-affiliate-id
5,country_id
5,contemauid
5,contema_info
5,complianceCookie
5,com.silverpop.iMAWebCookie
5,com.silverpop.iMA.session
5,com.silverpop.iMA.page_visit
5,cogitoergosum
5,cmgkith
5,cmgkit3
5,client_country
5,chaty_settings
5,cftoken
5,cfid
5,cccot
5,cat_trid
5,cartthrob_session_id
5,callibri_start_date
5,callibri_page_counter
5,callibri_current_page
5,bswit
5,blingblocksession
5,bc_pv_end
5,bc-visitor-id
5,axid
5,avcid-zeo-uid
5,avcid-rub-uid
5,avcid-pmt-uid
5,avcid-pmr-uid
5,avcid-adf-uid
5,auid_tp
5,as-user
5,akaau
5,aix
5,aiu
5,air
5,aih
5,afftrack
5,affextra
5,aff_ts
5,aff_model
5,aexp
5,aelia_customer_country
5,advanced_ads_pro_server_info
5,acx
5,activitystat
5,account_id
5,_ym_visorc_57119542
5,_ym_visorc_55382026
5,_ym_metrika_enabled_57119542
5,_ym_metrika_enabled_55382026
5,_xttrk2_uk
5,_xttrk2_mpub
5,_xttrk2_ids
5,_uc_visits
5,_uc_referrer
5,_uc_last_referrer
5,_uc_initial_landing_page
5,_uc_current_session
5,_ttuu.s
5,_savt
5,_node
5,_mastodon_session
5,_ljtrtb_71
5,_ljtrtb_58
5,_ljtrtb_42
5,_ljtrtb_36
5,_ljtrtb_1
5,_ks_scriptVersionChecked
5,_ks_scriptVersion
5,_js_datr
5,_ibs
5,_ibp
5,_hash
5,_geps
5,_gat_teachableTracker
5,_gat_publisherTracker
5,_gat_pro
5,_gat_primary
5,_gat_opentable
5,_gat_global
5,_gat_fedoraTracker
5,_gat_auPassiveTagger
5,_gat_UA1150030077
5,_fsuid
5,_fssid
5,_fsloc
5,_derived_epik
5,_c
5,_atshc
5,_app_session
5,__wph_st
5,__wph_s
5,__wph_a
5,__uzme
5,__uzmd
5,__uzmc
5,__uzmb
5,__uzma
5,__ssid
5,__pdst
5,__legalaxy_ds__st__chat
5,__insp_uid
5,__insp_sid
5,__insp_pad
5,__csrf_token-1
5,__browsiUID
5,__browsiSessionID
5,__XID
5,__LXPSID1
5,__169_cid
5,__167_cid
5,_SS
5,_EDGE_V
5,_EDGE_S
5,ZL7Yib3tjMmwPTRrLGCY
5,ZCAMPAIGN_CSRF_TOKEN
5,ZBan
5,YII_CSRF_TOKEN
5,Vision
5,VID1
5,VCIDENTITY
5,USER_LANG
5,UBGLAI63GV
5,TS01e84c7d
5,TGPRTB
5,TEST_AMCV_COOKIE
5,SnapABugVisit
5,SnapABugUserAlias
5,SnapABugRef
5,SnapABugHistory
5,Silverpop_cookie
5,SessionCamTestCookie
5,SREC_SESSION
5,SRCHUSR
5,SRCHUID
5,SRCHD
5,SESSION_ID
5,SBID
5,ProfileDatabagId
5,PHPSESSID5
5,P
5,OX_plg
5,ORDERS
5,OJSSID
5,Mobile
5,MicrosoftApplicationsTelemetryFirstLaunchTime
5,MicrosoftApplicationsTelemetryDeviceId
5,LOCATION_FROM_IP
5,LIVECHAT_GUEST_HASH
5,LD_T
5,IZCID
5,IXAI43628
5,IP_COUNTRY
5,INDEED_CSRF_TOKEN
5,I
5,HISTORY
5,HD_DC
5,HAPLB5G
5,GUEST_LANGUAGE_ID
5,EktGUID
5,COOKIE_SUPPORT
5,CMSLandingPageLoaded
5,BetterJsPop0
5,Affiliate
5,AffTrackGroup
5,ADRUM
5,ACEUCI
5,AB_TRACKING
4,zcfvc
4,zc_show
4,zc_consent
4,zaius_js_version
4,z_idsyncs
4,yottos_ptl
4,yegba
4,yabs-vdrf
4,xp-hc-seg
4,xlaABMclient
4,xfeid
4,x_redirect_prv
4,x_redirect
4,x-ua-device
4,x-ncpl-csrf
4,x-ab-promoted-home-sections-reordering-rerun
4,x
4,wwwLn
4,wt_cdbeid
4,wpml_referer_url
4,wp_customerGroup
4,woocommerce_current_currency
4,website_id
4,webserver_state_code
4,vv1
4,vtsrc
4,visitor_uid
4,visitor_id800133-hash
4,visitor_id800133
4,visitorGeo
4,visitorCity
4,visited_fiverr
4,visid_incap_961876
4,visid_incap_2415390
4,visid_incap_1243376
4,vis9
4,vihub
4,views
4,viewercountry
4,vchideactivationmsg
4,vbmuid
4,uxid
4,utm_source_V6
4,utm_medium_V6
4,utm_key
4,utm_campaign_V6
4,us
4,url
4,uptocall
4,uniq
4,uncs27
4,uncode_privacy[consent_types]
4,ug
4,udmsrc
4,tzo
4,ttnprf
4,ttca
4,ttc
4,ttbprf
4,trwv.uid
4,trwsa.sid
4,trkInfo
4,trkCode
4,trackfu_null
4,tos_token
4,topses
4,tntId
4,tms_wsip
4,tms_VisitorID
4,tj_UUID
4,throttle
4,theme
4,textsize
4,test930
4,tcpZip
4,tcpState
4,tcpSegment
4,tcpGeoLoc
4,tcpCountryDetail
4,tPHG-PS
4,system_microtime
4,synced_imid_secure
4,synced_imid
4,synced_group_g1_secure
4,synced_group_g1
4,syncdata_ADF
4,swsitevisitorid
4,swpm_session
4,swc_swtimepage
4,swc_swtimeall
4,swc_swsessionid
4,swc_swnonewvisit
4,swc_swfirstloadtime
4,swc_openedPages
4,swc_mainpage
4,swc_clientname
4,subaffid
4,sub_referrer
4,store_location
4,st_d
4,spol_tg
4,spamshield
4,smforms
4,sky_uuid
4,siteStatistics
4,site24x7rumID
4,sifi_user_id
4,sid_sa
4,shop_affilate_id
4,sgub
4,sgu
4,setviewcout
4,session_cache
4,sess_id
4,ses9
4,semantiqo_sid
4,selling_region_setting
4,scaleout
4,sb-sf-at-prod-s
4,sb-sf-at-prod
4,s_vnc365
4,s_nr30
4,s_ivc
4,s_ips
4,s-9da4
4,rules_storage
4,rtk_p
4,rtgp
4,rtc
4,rtbhouse
4,route
4,rngst_callback
4,rngst2
4,rngst1
4,rmc_logged_in_at
4,resetCurrencyCookie
4,request_method
4,refinfo
4,referral_redesign_title
4,refer_source
4,ref_f
4,ref_code
4,redux_blast
4,reduxPersist%3AlocalStorage
4,reduxPersist%3Acompliance
4,receiptful-token
4,receiptful-session
4,re.v2.ja-com
4,rbm
4,rbi
4,raw
4,rakuten
4,r_u
4,r_ad_token
4,qws
4,qw
4,qpid_offer_id
4,qpid_click_id
4,qcconsent
4,pv_monthly
4,pst2
4,pseudoIATANumber
4,przvusr
4,przvonline
4,przvlng
4,przvdom
4,przvdistance
4,prior_visit
4,prior_lps
4,pricas
4,previousRequestID
4,preservedPartnerRef_V6
4,ppu
4,poptin_user_ip
4,poptin_user_id
4,poptin_session
4,poptin_referrer
4,poptin_old_user
4,poptin_c_visitor
4,poptin_c_new_visitor
4,pn-zone-done
4,pid_304
4,physical_dma
4,pdhtkv27
4,pageviewCount
4,page_depth
4,paddlejs_campaign_referrer
4,p1.med.sid
4,owner_id
4,owner_argv
4,ovvuid
4,otm_video_sync
4,oribi_user_guid
4,oribi_session
4,order_count_incrementer
4,online
4,omnisendCartProducts
4,oid
4,octane%2Fshopify%2Fuid
4,oaid
4,nonsession
4,nocache
4,nlbi_961876
4,nlbi_2415390
4,newstat38
4,newsletter-overlay-notspam
4,newchic_SID
4,nette-samesite
4,nc-country-code
4,nats_unique
4,nats_sess
4,nats_landing
4,mydottk_languagenr
4,my1visits1idd1
4,mtsnb_lastvisited
4,mr1lad
4,mp_ac6482ea6d5da620bb15ce24d0d328ca_mixpanel
4,mp_8ec3dc74a70ff2a1ae9cb0b8fcd99b4f_mixpanel
4,mp_5050331992ec7befbca78021c4c5a714_mixpanel
4,mp_20b119ebbafe02b47d5a1f785675201b_mixpanel
4,monit_token
4,mobile
4,mnet_session_depth
4,mfoid
4,mcan
4,mc_landing_site
4,mb
4,matchcrosspixel
4,matchbidswitch
4,marketingCampaignTrackingData
4,mailchimp_landing_page
4,lum
4,luid1
4,ltc
4,ls
4,lptFingerprint
4,lptChatClientId
4,lp
4,logged_out_tracker
4,logged_out_locale
4,logged_out_currency
4,logged_in
4,locale_bar_accepted
4,locale_V6
4,loaded_variants
4,linkshare-af
4,linkTerms
4,linkPolicy
4,linfo
4,lightstep_guid/lite-web
4,lightstep_guid%2FsharedViewOrApp
4,lg_form_login
4,leadhunter_expire
4,lastvisit
4,last_click
4,language_code
4,laneBryantSiteUSLVPrdts
4,landingPage
4,label
4,kmkid
4,klickly_common_sid
4,klickly-token
4,kirby_session
4,keen
4,kdj345fhwei6
4,kayak.mc
4,kayak
4,kadASCap
4,kadACap
4,k
4,jrv
4,jid
4,jasxMarvin
4,is_tab
4,irld
4,invoca_session
4,intl_splash
4,intarget
4,ihr-temse
4,id5id.1st_369_nb
4,ibulocale
4,ibulanguage
4,iUUID
4,iShippingCookie
4,iGEO
4,i18next
4,i00
4,hwesgl
4,hwcl
4,hsk_845
4,hsk_466
4,hsk_1845
4,ho_mob
4,hid
4,handl_ref
4,handl_original_ref
4,gwsi
4,gti_track
4,gsess
4,graph
4,gostats
4,googlepersonalization
4,goggle
4,give_source
4,give_medium
4,give_content
4,give_campaign
4,geoCC
4,generalAbTest
4,gdpr-auditId
4,gcsvt
4,gcstp
4,gcshp
4,gc
4,ga_cid
4,fukFix
4,ftt2
4,fpid_sa
4,fpid
4,foxpush_browserid
4,fiverrcpa
4,first
4,fh
4,fg_a197b3a83beb75c5f0255dc465e9f2de
4,ffadult_who
4,ffadult_tr
4,feid_sa
4,feid
4,fd6b13af5c
4,fcsid
4,fca_eoi_pagecount
4,f_uid
4,exitintel_vid
4,exitintel_ver
4,exitintel_vc
4,exitintel_sid
4,exitintel_ref
4,exitintel_pvc
4,exitintel_prf
4,exitintel_lp
4,exitintel_cv
4,exitintel_cs
4,exitintel_cfid
4,exitintel_cfg
4,exitintel_cd
4,exitintel_cc
4,evtrk
4,evid_set_0046
4,evid_00XX
4,elementor_split_test_client_id
4,e88bd124267fbae858dc4306db00eeee
4,e1192aefb64683cc97abb83c71057733
4,dwanonymous_a9cf433f5b07f97ff0163bb8082bbc48
4,dwac_bd0sIiaaiO91waaadqtRECbgvT
4,dvr
4,dv
4,drift_aid
4,dps_site_id
4,dp1
4,dottyLn
4,dmps
4,display_currency
4,display
4,dgzsdl08v4
4,default_rule_warehouse
4,default_rule_country
4,de_id
4,de_hash
4,dctm_cookiecheck
4,data-sh
4,dSesn
4,d7s_uid
4,d-a8e6
4,customerZipCode
4,custom_data
4,currencyCode
4,cur
4,ctkgen
4,css
4,csrf-token
4,csp
4,cross-site-cookie
4,crl8.fpcuid
4,cookielawinfo-checkbox-analytics
4,cookie_consent
4,cookie_aweber_referrer_id
4,cookiePricesDisplayed
4,cookiePopin
4,cookieAcceptance
4,conv_session
4,conv_person
4,cointiply_session
4,cohsn_xs_id
4,cocat1
4,cmsContentId
4,cmplz_id
4,cmplz_choice
4,cm-commerce.session
4,cluster
4,client_cc
4,clicks_client_id
4,clbs_visitor_id
4,clbs_visitor_hash
4,ci_sessions
4,chumewe_user
4,chumewe_sess
4,checkme
4,ch_guid
4,cf_currency
4,cf-cookie-banner
4,cep-v4
4,cd_user_id
4,ccpa_applies
4,cck_lasttime
4,cck_count
4,c4d
4,c-ZQ6b2tZz2vD2dTUVIQTkvlt3ZjF7KVbS
4,btv3.wAiXPd0
4,bt
4,bss
4,brandId
4,boostpixel_cookie
4,boldmc-localized
4,bff-activity
4,bddata
4,bc-visit-id
4,bby_rdp
4,bby_cbc_lb
4,bb_forum_view
4,bb2_screener_
4,banana_stand_visitor_id
4,bal3C
4,aw6288
4,aw16296
4,aviaCookieConsent
4,avcid-yho-uid
4,avcid-sma-uid
4,avcid-opx-uid
4,apbct_antibot
4,anonymousId
4,amvid
4,amazon-pay-connectedAuth
4,alliance
4,alfasense-user-id
4,akavpau_www
4,akavpau_vp1
4,akavpau_vp-www-ulta-com
4,akavpau_hotwire_hwcl_missing
4,akamai.guid
4,akacd_sppr
4,akacd_pr_fanatics_split
4,akacd_ohw_prd_external
4,akacd_gcs_prod_phased_release
4,akacd_PCF_Prod
4,akaalb_alb_www_ulta
4,ak_hlp
4,ak_geo
4,agoda.vuser
4,agoda.version.03
4,agoda.user.03
4,agoda.prius
4,agoda.lastclicks
4,agoda.landings
4,agoda.firstclicks
4,agoda.attr.03
4,agoda.analytics
4,aftzc
4,affiliate_id_is_active
4,affiliate_code
4,affil_V6
4,af_lpdid
4,aeatstartmessage
4,adv_type
4,adv_ldp_id
4,adv_id
4,adv_click_history_id
4,adtargeting
4,adsplacerProDontShowAdsIds
4,adsnpr_resync
4,adriver
4,adptset_0046
4,adfox_id_ya
4,acscurrency
4,acc_segment
4,ab_signup_variations
4,aax-vsid
4,aatr
4,a_aid
4,_zero_ss
4,_zero_cc
4,_ym_visorc_49315045
4,_ym_visorc_205542
4,_ym_metrika_enabled_57509068
4,_ym_metrika_enabled_49315045
4,_ym_metrika_enabled_205542
4,_vt_user
4,_vt_shop
4,_uv_id
4,_userGUID
4,_unifiedId
4,_uidcms
4,_swa_u
4,_stitchfix_session
4,_sr_ads
4,_session_uuid
4,_rt_
4,_routing_id
4,_rbs
4,_pf_cp
4,_pf_c
4,_pf_affiliate_referral
4,_octo
4,_mzvt
4,_mzvs
4,_mzvr
4,_mzPc
4,_mailapp_session
4,_lmnd_uuid_clean
4,_lmnd_referral
4,_lmnd_rails_session
4,_lmnd_enable_cookies
4,_lhtm_u
4,_lhtm_r
4,_lg_form__leadx
4,_kz_test
4,_koko_analytics_pages_viewed
4,_kmid
4,_kmfvt
4,_i
4,_gumroad_guid
4,_gumroad_app_session
4,_gphw_mode
4,_goa3test
4,_goa3session
4,_gh_sess
4,_gat_tracker0
4,_gat_tealium_0
4,_gat_pmcBoomerang
4,_gat_newTracker
4,_gat_gtag_UA_98275526_8
4,_gat_gtag_UA_180549006_1
4,_gat_gtag_UA_174575265_1
4,_gat_gtag_UA_132755435_1
4,_gat_UA288258041
4,_gat_UA191097531
4,_gat_UA1150030074
4,_gat_UA-98701470-14
4,_gat_UA-177299981-2
4,_gat_UA-123282826-4
4,_gat_UA-123282826-2
4,_gat_UA-100981624-1
4,_gasessionid
4,_ga_V3H5NHZF8F
4,_ga_PDG2SQ3R8K
4,_ga_0DTZ6LRDBJ
4,_ftv
4,_ftc
4,_fiverr_session_key
4,_fathom
4,_evidon_consent_cookie
4,_et_coid
4,_dvs
4,_dc_gtm_UA-100981624-1
4,_cr_30
4,_cl_30
4,_cf
4,_bp_cg
4,_bgLang
4,_abtest_userid
4,_abtest
4,__xlid
4,__viCookieActive
4,__unid
4,__tts
4,__tt1
4,__su
4,__rbtld__
4,__pp_uid
4,__iid
4,__igaw__adid
4,__goadservices
4,__cmpcc
4,__amcdnuid
4,___o2u_o3id
4,__IP
4,__166_cid
4,_ZB_STATIC_SS_DR_currentSessionTimeVisit
4,_ZB_STATIC_LAST_ACCESS_TIME
4,_ZB_STATIC_DR_widgetsUpdateTime
4,_ZB_STATIC_DR_firstTimeVisit
4,_TRUE_AD_USER_COOKIE_ID
4,_RCRTX03-samesite
4,_RCRTX03
4,_AceT
4,XXX_UQ_ID
4,WPPG[t]
4,WPPG[s]
4,WPPG[p]
4,WPPG[n]
4,WPPG[l]
4,WPPG[g]
4,WPPG[e]
4,WPPG[d]
4,WPPG[b]
4,WIDGET_USER_LANG
4,VSID
4,VSEQ
4,VISITOR_KEY
4,UserSession
4,Union
4,ULTA_SITE
4,UID2
4,TS01c10d5a
4,TS01439e35
4,TCPID
4,TCID
4,TAPID
4,Subscribe::Viziter
4,SaneID
4,SameSite
4,SS_MID
4,SSO-JWT
4,SRVNAME
4,SPC
4,SL_Cookie
4,SH_VI
4,SH_BAU
4,SHOE_LOCAL_SIZE
4,SH6_USER_PREF
4,SESSION_VISITOR
4,SESID
4,SC_USER_IDENT
4,QueryBasedAffiliate
4,QUICK_BAR_CLOSED
4,QSI_HistorySession
4,QASESSIONID
4,PF
4,PCODEDATA
4,OT2
4,OSTSESSID
4,OGPC
4,NSC_q4-tqbslmf
4,NSC_mc_wtsw_efgbvmu_xfctsw_81_C
4,MSFPC
4,MI_Visitor
4,MI_SITE
4,LOCAL_SIZE
4,LD_U
4,LD_S
4,LD_R
4,LBJSESSIONID
4,KRTBCOOKIE_97
4,JuicyPop0
4,JVMID
4,JAAnonymousVisitKey
4,JAAnonymousVisit
4,JAAnonymousGUID
4,HstPt4352205
4,HstPt4066245
4,HstPn4352205
4,HstPn4066245
4,HstCnv4352205
4,HstCnv4066245
4,HstCns4352205
4,HstCns4066245
4,HstCmu4352205
4,HstCmu4066245
4,HstCla4352205
4,HstCla4066245
4,HstCfa4352205
4,HstCfa4066245
4,HMVT
4,HMS
4,GsCK_UAC
4,GsCK_AC
4,GlobalE_Full_Redirect
4,GWSESSIONID
4,GEOLOCATION_INFO
4,Fera.Api.ServerNum
4,FSAV
4,FSAC
4,FLYSESSID
4,EkAnalytics
4,DS
4,DOMAINALIAS
4,DAY
4,Currency
4,CultureInfo
4,CookieTLD
4,CaC
4,CTT
4,CCMSESSID
4,BP
4,BIGipServer~NetCentric-PRO~pool_PRO_Internet_WCS12_http_3010
4,BIGipServerTethys
4,BDSVRBFE
4,BB_plg
4,B1P
4,Ad34bsY56
4,ASR-g
4,AKA_TRAFFIC_ROUTE
4,AKA_MVT_ID
4,AKA_MVT_BUTTONS
4,AKA-WWW-LITB-ORIGIN
4,ADOP_P_U
4,ADOP_CID
4,ACEUACS
4,ACEFCID
4,ABSTATIC
4,AB
4,A
4,912.0
4,864f9d2cdfb39092f35dc23384c380d6
4,6b2fb198c6a97173e476293e97dc5d0e
4,6666cd76f96956469e7be39d750cc7d9
4,50611aebd1c5abb315ba70ce0ff2bb16
4,46874e1345f8fb23de408d614ffc781b
4,2_C_56
4,2_C_5
4,1241.0
4,1240.0
4,.Stackify.Rum
4,%40%40
