5170,gat
4053,id
3408,tag
1725,test
1601,sess
1414,session
1379,cookie
1221,met
1217,enabled
1199,orc
1164,visor
1080,ad
770,uid
704,frame
692,safe
554,visit
502,sid
470,com
447,age
426,use
407,ter
385,user
365,tor
357,ref
344,count
322,ip
321,main
303,client
284,asp
278,int
272,domain
271,ver
263,page
260,last
259,con
253,dat
244,res
241,visitor
225,track
223,time
220,view
217,asps
216,art
213,stat
210,for
206,crisp
200,inc
198,ash
198,cap
197,pop
195,pro
195,site
193,tin
192,show
190,data
178,web
177,new
175,inter
168,def
165,rid
164,detect
161,amp
160,lang
158,imp
157,syn
157,ode
156,refer
153,ids
153,sync
151,tic
150,act
147,intercom
146,cur
144,try
144,sen
141,cat
140,token
140,pres
140,pvt
130,ted
127,popup
127,org
126,app
126,ore
125,cal
122,ice
121,cha
121,defined
119,opt
119,has
119,end
119,undefined
118,shop
115,gid
115,country
114,code
113,ads
112,err
111,one
111,serve
110,news
107,key
107,log
106,inf
105,first
105,str
105,own
105,ado
104,server
104,and
104,comm
102,enc
102,form
101,rec
101,pan
99,cation
94,hash
93,adobe
91,stor
89,info
86,shown
85,priv
84,tracker
83,check
83,heck
82,consent
82,pane
81,commerce
81,counter
81,panel
78,unique
76,mail
74,press
73,rest
73,banner
72,legacy
72,chat
71,cont
71,root
70,rent
70,name
69,referrer
69,king
69,prod
68,cookies
68,temp
67,language
65,vice
65,tracking
63,custom
62,click
62,stash
61,city
61,source
61,current
60,local
60,plat
59,glob
59,viewed
59,late
58,seen
58,cart
57,global
57,camp
56,privy
55,tent
55,device
55,load
55,amplitude
55,visited
55,sited
55,group
55,roup
54,live
54,tome
54,omer
54,push
54,star
54,active
53,ding
53,status
53,conte
53,ting
52,ions
52,state
52,prism
51,customer
51,play
51,imps
50,template
50,plate
49,auth
49,version
48,call
48,widget
47,ency
47,tics
46,land
46,mark
46,port
45,ages
45,open
45,pool
44,direct
44,rect
44,date
44,ache
43,read
43,list
43,zone
43,pref
43,tart
43,tact
43,stats
43,tats
42,duct
41,anon
41,product
41,location
41,forum
40,views
40,rows
40,campaign
40,anal
40,cache
40,line
40,start
40,lect
39,brows
39,lytic
39,cent
39,notification
39,type
38,back
38,part
38,ping
38,prop
37,landing
37,analytic
36,browse
36,currency
36,content
35,redirect
35,lash
35,front
34,lead
34,hist
33,story
33,region
33,bale
32,browser
32,history
32,impress
32,send
32,bile
32,link
32,elect
31,raff
31,ilia
31,arch
30,impression
30,ques
30,locale
30,affiliate
30,filiate
30,mobile
30,online
30,grow
30,select
30,loom
30,lock
30,article
29,match
29,rage
29,splash
29,plash
29,init
29,pages
28,tads
28,anti
28,cess
28,guest
28,quest
28,storage
28,text
28,tori
28,search
28,props
28,salt
27,cure
27,market
27,store
27,tore
27,bloom
27,sett
26,secure
26,activity
26,from
26,dent
26,post
26,vent
26,subs
26,tins
25,traffic
25,visits
25,sits
25,supp
24,econ
24,anonymous
24,otic
24,media
24,comp
24,sage
24,para
24,letter
23,ever
23,times
23,tend
23,point
23,mess
23,login
23,sign
23,blog
23,rand
23,event
23,splay
23,access
23,setting
23,plan
22,privacy
22,message
22,default
22,fault
22,ster
22,auto
22,prefer
22,opened
22,mode
22,persist
22,display
22,block
22,used
21,rite
21,modal
21,notice
21,cake
21,over
21,member
21,ember
20,roll
20,request
20,sale
20,mage
20,recent
20,psid
20,cate
20,inst
20,ring
20,newsletter
20,email
20,drip
19,google
19,ogle
19,file
19,pass
19,mart
19,coll
19,selected
19,elected
19,total
19,mapping
19,crib
19,magi
18,stamp
18,tamp
18,target
18,partner
18,munch
18,host
18,tech
18,screen
18,conf
18,hide
18,tint
18,rams
18,size
18,portal
18,peri
18,core
17,orig
17,freq
17,sessions
17,accept
17,word
17,prom
17,trans
17,arty
17,products
17,ducts
17,imit
17,tern
17,wing
17,publ
17,vide
17,reference
17,turn
17,tings
17,ails
17,subscribe
17,scribe
17,dded
17,ways
17,coma
17,magic
16,conn
16,prof
16,bridge
16,ridge
16,force
16,index
16,previous
16,vela
16,flag
16,smart
16,insp
16,maps
16,limit
16,solution
16,inti
16,scrip
16,preference
16,price
16,rice
16,return
16,level
16,checked
16,order
16,webs
16,exit
16,entry
16,make
15,timestamp
15,profile
15,width
15,timezone
15,agent
15,gent
15,layer
15,ital
15,party
15,category
15,gory
15,icon
15,owed
15,enter
15,font
15,phon
15,script
15,logged
15,print
15,work
15,settings
15,snap
15,slide
15,come
15,ounce
15,delay
14,clos
14,lose
14,context
14,path
14,recently
14,origin
14,rout
14,ratio
14,gist
14,light
14,hone
14,promo
14,segment
14,video
14,gree
14,heme
14,home
14,lite
14,update
14,social
14,module
14,learn
14,earn
14,window
14,offs
14,rota
14,till
14,suppress
14,maker
13,share
13,hare
13,connect
13,close
13,policy
13,player
13,ration
13,item
13,erst
13,medium
13,loaded
13,phone
13,bran
13,ease
13,theme
13,coin
13,ling
13,base
13,synced
13,desk
13,offset
13,showed
13,sort
12,audience
12,person
12,callback
12,pixel
12,white
12,pier
12,action
12,style
12,itch
12,multi
12,checkout
12,users
12,static
12,geol
12,number
12,umber
12,hang
12,forgery
12,bounce
12,pointillist
12,added
12,heat
12,glim
12,stress
12,tress
11,perm
11,done
11,spot
11,account
11,second
11,field
11,identity
11,entity
11,head
11,keep
11,resolution
11,switch
11,witch
11,erred
11,ship
11,apps
11,banners
11,flow
11,pics
11,referral
11,foot
11,format
11,value
11,disc
11,expo
11,color
11,contr
11,frequency
11,hort
11,rotate
11,bread
11,showing
11,owing
11,limitation
11,imitation
